"PlayerName","Tm","FGA","FGM","XPM","Cmp.pass","Att.pass","Yds.pass","TD.pass","Int.pass","Rec.catch","Yds.catch","TD.catch","Att.rush","Yds.rush","TD.rush","Fmb"
"Aaron Dobson","NWE",0,0,0,0,0,0,0,0,3,38,0,0,0,0,0
"Aaron Rodgers","GNB",0,0,0,209,313,2748,28,3,0,0,0,22,144,1,6
"Ace Sanders","JAX",0,0,0,0,0,0,0,0,4,22,0,0,0,0,2
"Adam Thielen","MIN",0,0,0,0,0,0,0,0,4,57,0,0,0,0,0
"Adam Vinatieri","IND",22,22,34,0,0,0,0,0,0,0,0,0,0,0,0
"Adrian Peterson","MIN",0,0,0,0,0,0,0,0,2,18,0,21,75,0,0
"Adrien Robinson","NYG",0,0,0,0,0,0,0,0,3,49,0,0,0,0,0
"Ahmad Bradshaw","IND",0,0,0,0,0,0,0,0,38,300,6,90,425,2,3
"A.J. Green","CIN",0,0,0,0,0,0,0,0,29,508,4,2,2,0,2
"A.J. Jenkins","KAN",0,0,0,0,0,0,0,0,9,93,0,2,-2,0,1
"Albert Wilson","KAN",0,0,0,0,0,0,0,0,2,24,0,0,0,0,0
"Aldrick Robinson","WAS",0,0,0,0,0,0,0,0,1,6,0,0,0,0,0
"Alex Henery","DET",5,1,5,0,0,0,0,0,0,0,0,0,0,0,0
"Alex Smith","KAN",0,0,0,193,291,1977,11,4,0,0,0,33,186,1,3
"Alfred Blue","HOU",0,0,0,0,0,0,0,0,6,56,1,104,390,0,0
"Alfred Morris","WAS",0,0,0,0,0,0,0,0,10,104,0,172,701,6,2
"Allen Hurns","JAX",0,0,0,0,0,0,0,0,30,475,5,0,0,0,0
"Allen Robinson","JAX",0,0,0,0,0,0,0,0,48,548,2,0,0,0,0
"Alshon Jeffery","CHI",0,0,0,0,0,0,0,0,55,761,4,6,33,0,1
"Andre Caldwell","DEN",0,0,0,0,0,0,0,0,5,47,0,0,0,0,0
"Andre Ellington","ARI",0,0,0,0,0,0,0,0,41,356,2,186,624,3,2
"Andre Holmes","OAK",0,0,0,0,0,0,0,0,27,419,4,0,0,0,0
"Andre Johnson","HOU",0,0,0,0,0,0,0,0,55,631,1,0,0,0,2
"Andre Roberts","WAS",0,0,0,0,0,0,0,0,27,287,2,2,21,0,3
"Andrew Hawkins","CLE",0,0,0,0,0,0,0,0,45,601,2,1,8,0,0
"Andre Williams","NYG",0,0,0,0,0,0,0,0,8,58,0,116,337,4,1
"Andrew Luck","IND",0,0,0,273,432,3388,28,10,0,0,0,38,144,2,6
"Andrew Quarless","GNB",0,0,0,0,0,0,0,0,19,180,3,0,0,0,0
"Andrew Sendejo","MIN",0,0,0,0,0,0,0,0,0,0,0,1,48,0,0
"Andy Dalton","CIN",0,0,0,187,303,2180,11,9,1,18,1,35,98,2,1
"Andy Lee","SFO",0,0,0,0,1,0,0,0,0,0,0,0,0,0,0
"Anquan Boldin","SFO",0,0,0,0,1,0,0,0,56,688,3,0,0,0,0
"Anthony Castonzo","IND",0,0,0,0,0,0,0,0,1,1,1,0,0,0,0
"Anthony Dixon","BUF",0,0,0,0,0,0,0,0,5,28,0,68,278,0,0
"Anthony Fasano","KAN",0,0,0,0,0,0,0,0,20,173,2,0,0,0,0
"Anthony Sherman","KAN",0,0,0,0,0,0,0,0,6,62,1,2,8,0,0
"Antone Smith","ATL",0,0,0,0,0,0,0,0,13,222,3,23,144,2,1
"Antonio Brown","PIT",0,0,0,2,2,20,1,0,88,1161,9,4,13,0,2
"Antonio Gates","SDG",0,0,0,0,0,0,0,0,38,477,9,0,0,0,0
"Antwon Blake","PIT",0,0,0,0,0,0,0,0,1,25,0,0,0,0,0
"Arian Foster","HOU",0,0,0,0,0,0,0,0,26,229,3,161,822,7,2
"Austin Davis","STL",0,0,0,180,284,2001,12,9,0,0,0,16,36,0,5
"Austin Johnson","NOR",0,0,0,0,0,0,0,0,2,15,1,8,22,0,0
"Austin Pettis","STL",0,0,0,0,0,0,0,0,12,118,1,0,0,0,0
"Austin Seferian-Jenkins","TAM",0,0,0,0,0,0,0,0,19,205,2,0,0,0,1
"Bear Pascoe","ATL",0,0,0,0,0,0,0,0,1,1,1,0,0,0,0
"Benny Cunningham","STL",0,0,0,0,0,0,0,0,26,214,1,50,192,3,0
"Ben Roethlisberger","PIT",0,0,0,282,413,3270,24,6,0,0,0,21,23,0,7
"Ben Tate","CLE",0,0,0,0,0,0,0,0,9,60,0,106,333,4,0
"Ben Watson","NOR",0,0,0,0,0,0,0,0,12,84,0,0,0,0,0
"Bernard Pierce","BAL",0,0,0,0,0,0,0,0,1,7,0,64,229,2,1
"Bilal Powell","NYJ",0,0,0,0,0,0,0,0,5,50,0,22,102,1,0
"Billy Cundiff","CLE",20,16,22,0,0,0,0,0,0,0,0,0,0,0,0
"Bishop Sankey","TEN",0,0,0,0,0,0,0,0,12,90,0,102,395,2,0
"Blaine Gabbert","SFO",0,0,0,3,7,38,1,0,0,0,0,1,5,0,0
"Blair Walsh","MIN",22,18,15,0,0,0,0,0,0,0,0,0,0,0,0
"Blake Bortles","JAX",0,0,0,176,278,1921,8,14,0,0,0,34,204,0,4
"Bobby Rainey","TAM",0,0,0,0,1,0,0,0,27,256,1,92,392,1,3
"Brad Nortman","CAR",0,0,0,0,0,0,0,0,0,0,0,0,0,0,0
"Brad Smith","PHI",0,0,0,0,0,0,0,0,1,11,0,0,0,0,0
"Brad Wing","PIT",0,0,0,0,0,0,0,0,0,0,0,1,0,0,1
"Branden Oliver","SDG",0,0,0,0,0,0,0,0,23,172,1,111,407,2,0
"Brandin Cooks","NOR",0,0,0,0,0,0,0,0,53,550,3,7,73,1,1
"Brandon Bolden","NWE",0,0,0,0,0,0,0,0,2,8,0,15,25,0,0
"Brandon Bostick","GNB",0,0,0,0,0,0,0,0,2,3,1,0,0,0,0
"Brandon Fields","MIA",0,0,0,0,0,0,0,0,0,0,0,0,0,0,0
"Brandon Gibson","MIA",0,0,0,0,0,0,0,0,13,123,1,0,0,0,0
"Brandon LaFell","NWE",0,0,0,0,0,0,0,0,39,576,5,0,0,0,0
"Brandon Lloyd","SFO",0,0,0,0,0,0,0,0,11,262,1,0,0,0,0
"Brandon Marshall","CHI",0,0,0,0,0,0,0,0,49,586,8,0,0,0,1
"Brandon McManus","DEN",11,8,37,0,0,0,0,0,0,0,0,0,0,0,0
"Brandon Myers","TAM",0,0,0,0,0,0,0,0,17,160,0,0,0,0,0
"Brandon Pettigrew","DET",0,0,0,0,0,0,0,0,9,68,0,0,0,0,0
"Brandon Tate","CIN",0,0,0,0,0,0,0,0,14,159,1,3,21,0,1
"Brandon Weeden","DAL",0,0,0,23,40,260,2,2,0,0,0,6,-1,0,1
"Brandon Williams","CAR",0,0,0,0,0,0,0,0,4,44,0,0,0,0,0
"Brent Celek","PHI",0,0,0,0,0,0,0,0,20,217,0,0,0,0,0
"Brenton Bersin","CAR",0,0,0,0,0,0,0,0,11,128,1,0,0,0,1
"Brett Kern","TEN",0,0,0,0,0,0,0,0,0,0,0,0,0,0,0
"Brian Hartline","MIA",0,0,0,0,0,0,0,0,29,321,1,0,0,0,0
"Brian Hoyer","CLE",0,0,0,181,325,2542,11,5,0,0,0,19,-8,0,3
"Brian Leonard","NOR",0,0,0,0,0,0,0,0,1,15,0,0,0,0,0
"Brian Leonhardt","OAK",0,0,0,0,0,0,0,0,6,35,1,0,0,0,0
"Brian Quick","STL",0,0,0,0,0,0,0,0,25,375,3,0,0,0,0
"Brian Tyms","NWE",0,0,0,0,0,0,0,0,1,43,1,0,0,0,0
"Brice Butler","OAK",0,0,0,0,0,0,0,0,13,203,2,0,0,0,0
"Britton Colquitt","DEN",0,0,0,0,0,0,0,0,0,0,0,0,0,0,0
"Brock Osweiler","DEN",0,0,0,2,6,13,0,0,0,0,0,6,2,0,0
"Bruce Ellington","SFO",0,0,0,0,0,0,0,0,5,54,1,3,16,0,1
"Bruce Gradkowski","PIT",0,0,0,0,0,0,0,0,0,0,0,2,-2,0,0
"Bruce Miller","SFO",0,0,0,0,0,0,0,0,5,46,0,3,5,0,0
"Bryan Anger","JAX",0,0,0,0,0,0,0,0,0,0,0,0,0,0,0
"Bryan Walters","SEA",0,0,0,0,0,0,0,0,5,44,0,1,-2,0,0
"Bryce Brown","BUF",0,0,0,0,0,0,0,0,13,122,0,20,64,0,1
"Cairo Santos","KAN",15,13,28,0,0,0,0,0,0,0,0,0,0,0,0
"Caleb Sturgis","MIA",25,21,26,0,0,0,0,0,0,0,0,0,0,0,0
"Calvin Johnson","DET",0,0,0,0,0,0,0,0,34,520,3,0,0,0,0
"Cam Newton","CAR",0,0,0,195,333,2392,12,10,0,0,0,64,293,2,7
"Carlos Hyde","SFO",0,0,0,0,0,0,0,0,8,22,0,63,239,3,0
"Carson Palmer","ARI",0,0,0,141,224,1626,11,3,0,0,0,8,25,0,3
"Cecil Shorts","JAX",0,0,0,0,0,0,0,0,33,375,1,0,0,0,1
"Cedric Peerman","CIN",0,0,0,0,0,0,0,0,3,27,0,14,43,0,0
"Chad Henne","JAX",0,0,0,42,78,492,3,1,0,0,0,4,25,0,1
"Chandler Catanzaro","ARI",18,17,24,0,0,0,0,0,0,0,0,0,0,0,0
"Charles Clay","MIA",0,0,0,0,0,0,0,0,39,346,2,0,0,0,0
"Charles Johnson","MIN",0,0,0,0,0,0,0,0,12,147,0,0,0,0,0
"Charles Sims","TAM",0,0,0,0,0,0,0,0,5,25,0,21,59,0,1
"Charlie Whitehurst","TEN",0,0,0,59,98,764,5,2,0,0,0,11,50,0,2
"Chase Coffman","TEN",0,0,0,0,0,0,0,0,5,50,1,0,0,0,0
"Chase Ford","MIN",0,0,0,0,0,0,0,0,20,216,1,0,0,0,0
"Chris Givens","STL",0,0,0,0,0,0,0,0,8,94,0,1,4,0,0
"Chris Gragg","BUF",0,0,0,0,0,0,0,0,5,37,1,0,0,0,0
"Chris Hogan","BUF",0,0,0,0,0,0,0,0,25,307,2,0,0,0,2
"Chris Ivory","NYJ",0,0,0,0,0,0,0,0,12,103,0,123,548,5,1
"Chris Johnson","NYJ",0,0,0,0,0,0,0,0,17,116,1,85,360,1,1
"Chris Jones","DAL",0,0,0,0,0,0,0,0,0,0,0,0,0,0,0
"Chris Ogbonnaya","CAR",0,0,0,0,0,0,0,0,0,0,0,14,50,1,0
"Chris Owusu","2TM",0,0,0,0,0,0,0,0,3,27,1,0,0,0,0
"Chris Polk","PHI",0,0,0,0,0,0,0,0,1,1,0,19,74,1,1
"Christian Ponder","MIN",0,0,0,22,44,222,0,2,0,0,0,4,16,1,0
"Christine Michael","SEA",0,0,0,0,0,0,0,0,0,0,0,15,102,0,0
"Chris Williams","CHI",0,0,0,0,0,0,0,0,0,0,0,1,-8,0,0
"C.J. Anderson","DEN",0,0,0,0,0,0,0,0,16,193,1,39,201,0,0
"C.J. Fiedorowicz","HOU",0,0,0,0,0,0,0,0,2,16,0,0,0,0,0
"C.J. Spiller","BUF",0,0,0,0,0,0,0,0,14,109,1,69,287,0,2
"Clay Harbor","JAX",0,0,0,0,0,0,0,0,25,272,1,0,0,0,0
"Coby Fleener","IND",0,0,0,0,0,0,0,0,29,439,4,0,0,0,0
"Cody Latimer","DEN",0,0,0,0,0,0,0,0,1,9,0,0,0,0,0
"Cody Parkey","PHI",19,18,35,0,0,0,0,0,0,0,0,0,0,0,0
"Cole Beasley","DAL",0,0,0,0,0,0,0,0,16,143,0,0,0,0,1
"Colin Kaepernick","SFO",0,0,0,194,318,2359,14,5,0,0,0,66,322,0,6
"Colt McCoy","WAS",0,0,0,36,42,427,1,1,0,0,0,9,19,1,1
"Colton Schmidt","BUF",0,0,0,0,0,0,0,0,0,0,0,0,0,0,0
"Cooper Helfet","SEA",0,0,0,0,0,0,0,0,8,149,1,0,0,0,0
"Cordarrelle Patterson","MIN",0,0,0,0,0,0,0,0,28,332,1,8,113,1,0
"Corey Fuller","DET",0,0,0,0,0,0,0,0,12,178,1,0,0,0,1
"Corey Washington","NYG",0,0,0,0,0,0,0,0,4,48,1,0,0,0,0
"Cory Harkey","STL",0,0,0,0,0,0,0,0,4,21,0,0,0,0,0
"Courtney Roby","ATL",0,0,0,0,0,0,0,0,1,11,0,0,0,0,0
"Craig Dahl","SFO",0,0,0,0,0,0,0,0,0,0,0,1,3,0,0
"Craig Stevens","TEN",0,0,0,0,0,0,0,0,2,26,0,0,0,0,0
"Crockett Gillmore","BAL",0,0,0,0,0,0,0,0,6,53,1,0,0,0,0
"Cyrus Gray","KAN",0,0,0,0,0,0,0,0,0,0,0,8,31,1,0
"Damaris Johnson","HOU",0,0,0,0,0,0,0,0,18,218,1,3,14,0,1
"Damian Williams","2TM",0,0,0,0,0,0,0,0,1,14,0,0,0,0,0
"Damien Williams","MIA",0,0,0,0,0,0,0,0,9,100,0,31,100,0,0
"Dan Bailey","DAL",20,17,30,0,0,0,0,0,0,0,0,0,0,0,0
"Dan Carpenter","BUF",25,22,16,0,0,0,0,0,0,0,0,0,0,0,0
"Dane Sanzenbacher","CIN",0,0,0,0,0,0,0,0,7,87,0,0,0,0,1
"Dan Herron","IND",0,0,0,0,0,0,0,0,2,9,0,22,74,0,0
"Daniel Fells","NYG",0,0,0,0,0,0,0,0,10,117,4,0,0,0,1
"Daniel Thomas","MIA",0,0,0,0,0,0,0,0,9,97,0,37,138,0,1
"Danny Amendola","NWE",0,0,0,0,0,0,0,0,11,95,1,0,0,0,0
"Danny Woodhead","SDG",0,0,0,0,0,0,0,0,5,34,0,15,38,0,0
"Dante Rosario","CHI",0,0,0,0,0,0,0,0,11,80,0,0,0,0,1
"Darrel Young","WAS",0,0,0,0,0,0,0,0,8,67,2,4,17,1,0
"Darren McFadden","OAK",0,0,0,0,1,0,0,0,29,183,0,113,393,2,1
"Darren Sproles","PHI",0,0,0,0,0,0,0,0,23,280,0,38,257,4,2
"Darrin Reaves","CAR",0,0,0,0,0,0,0,0,5,31,0,32,77,0,0
"Darrius Heyward-Bey","PIT",0,0,0,0,0,0,0,0,3,33,0,0,0,0,1
"Davante Adams","GNB",0,0,0,0,0,0,0,0,27,286,3,0,0,0,0
"Dave Zastudil","ARI",0,0,0,0,0,0,0,0,0,0,0,0,0,0,0
"David Ausberry","OAK",0,0,0,0,0,0,0,0,2,14,0,0,0,0,0
"David Johnson","SDG",0,0,0,0,0,0,0,0,1,4,0,0,0,0,0
"David Nelson","NYJ",0,0,0,0,0,0,0,0,8,65,0,0,0,0,2
"DeAndre Hopkins","HOU",0,0,0,0,0,0,0,0,46,764,4,0,0,0,1
"DeAngelo Williams","CAR",0,0,0,0,0,0,0,0,5,44,0,56,198,0,1
"De'Anthony Thomas","KAN",0,0,0,0,0,0,0,0,8,50,0,7,73,1,0
"Delanie Walker","TEN",0,0,0,0,0,0,0,0,38,512,4,0,0,0,1
"DeMarco Murray","DAL",0,0,0,0,0,0,0,0,36,281,0,244,1233,7,5
"Demaryius Thomas","DEN",0,0,0,0,0,0,0,0,72,1105,6,0,0,0,0
"Demetrius Harris","KAN",0,0,0,0,0,0,0,0,3,20,0,0,0,0,0
"Denard Robinson","JAX",0,0,0,0,0,0,0,0,16,67,0,100,483,4,1
"Denarius Moore","OAK",0,0,0,0,0,0,0,0,12,115,0,1,1,0,0
"Dennis Pitta","BAL",0,0,0,0,0,0,0,0,16,125,0,0,0,0,0
"Derek Anderson","CAR",0,0,0,40,57,424,4,0,0,0,0,3,10,0,1
"Derek Carr","OAK",0,0,0,222,371,2075,13,9,0,0,0,15,81,0,6
"Derek Carrier","SFO",0,0,0,0,0,0,0,0,9,105,0,1,2,0,1
"Derek Hagan","TEN",0,0,0,0,0,0,0,0,6,90,1,0,0,0,0
"Derrick Coleman","SEA",0,0,0,0,0,0,0,0,2,29,1,0,0,0,0
"DeSean Jackson","WAS",0,0,0,0,0,0,0,0,40,819,4,3,-2,0,0
"Devin Hester","ATL",0,0,0,0,0,0,0,0,22,302,1,4,32,1,2
"Devin Street","DAL",0,0,0,0,0,0,0,0,2,18,0,0,0,0,0
"Devonta Freeman","ATL",0,0,0,0,0,0,0,0,21,151,1,35,147,0,1
"Dexter McCluster","TEN",0,0,0,0,0,0,0,0,17,153,0,25,81,0,1
"Dez Bryant","DAL",0,0,0,0,0,0,0,0,56,793,8,0,0,0,0
"Dion Sims","MIA",0,0,0,0,0,0,0,0,9,127,1,0,0,0,0
"Donald Brown","SDG",0,0,0,0,0,0,0,0,15,86,0,64,149,0,0
"Donnie Avery","KAN",0,0,0,0,0,0,0,0,14,156,0,0,0,0,0
"Donnie Jones","PHI",0,0,0,0,0,0,0,0,0,0,0,0,0,0,0
"Donte Moncrief","IND",0,0,0,0,0,0,0,0,17,218,1,2,7,0,0
"Doug Baldwin","SEA",0,0,0,0,0,0,0,0,44,485,2,0,0,0,0
"Doug Martin","TAM",0,0,0,0,0,0,0,0,9,54,0,58,166,1,0
"Drew Brees","NOR",0,0,0,290,417,3071,19,10,0,0,0,16,39,1,4
"Drew Butler","ARI",0,0,0,0,0,0,0,0,0,0,0,0,0,0,0
"Drew Stanton","ARI",0,0,0,67,125,920,5,2,0,0,0,14,13,0,0
"Dri Archer","PIT",0,0,0,0,0,0,0,0,5,4,0,8,41,0,0
"DuJuan Harris","GNB",0,0,0,0,0,0,0,0,1,11,0,16,64,0,0
"Dustin Colquitt","KAN",0,0,0,0,0,0,0,0,0,0,0,0,0,0,0
"Dwayne Allen","IND",0,0,0,0,0,0,0,0,26,374,7,0,0,0,1
"Dwayne Bowe","KAN",0,0,0,0,0,0,0,0,41,509,0,0,0,0,1
"Dwayne Harris","DAL",0,0,0,0,0,0,0,0,7,116,0,3,6,0,4
"Ed Dickson","CAR",0,0,0,0,0,0,0,0,6,56,0,0,0,0,1
"Eddie Lacy","GNB",0,0,0,0,0,0,0,0,27,322,2,129,547,5,2
"Eddie Royal","SDG",0,0,0,0,0,0,0,0,28,401,5,3,14,0,0
"Edwin Baker","NOR",0,0,0,0,0,0,0,0,0,0,0,1,2,0,0
"EJ Manuel","BUF",0,0,0,76,131,838,5,3,0,0,0,16,52,1,1
"Eli Manning","NYG",0,0,0,224,366,2495,18,11,0,0,0,9,34,1,5
"Emmanuel Sanders","DEN",0,0,0,0,0,0,0,0,67,954,7,6,28,0,1
"Eric Decker","NYJ",0,0,0,0,0,0,0,0,43,450,4,0,0,0,0
"Eric Ebron","DET",0,0,0,0,0,0,0,0,14,125,1,0,0,0,0
"Eric Weddle","SDG",0,0,0,0,1,0,0,0,0,0,0,0,0,0,0
"Eric Weems","ATL",0,0,0,0,0,0,0,0,6,85,0,0,0,0,0
"Erik Lorig","NOR",0,0,0,0,0,0,0,0,6,24,0,2,3,0,1
"Fozzy Whittaker","CAR",0,0,0,0,0,0,0,0,4,34,0,18,65,1,0
"Frank Gore","SFO",0,0,0,0,0,0,0,0,8,98,1,158,648,2,1
"Frankie Hammond","KAN",0,0,0,0,0,0,0,0,2,31,0,0,0,0,0
"Frank Summers","BUF",0,0,0,0,0,0,0,0,5,9,0,6,17,1,0
"Fred Jackson","BUF",0,0,0,0,1,0,0,0,37,300,1,58,249,1,3
"Gabe Jackson","OAK",0,0,0,0,0,0,0,0,1,1,0,0,0,0,0
"Garrett Graham","HOU",0,0,0,0,0,0,0,0,14,156,1,0,0,0,0
"Gary Barnidge","CLE",0,0,0,0,0,0,0,0,10,127,0,0,0,0,0
"Gator Hoskins","MIA",0,0,0,0,0,0,0,0,2,21,0,0,0,0,0
"Gavin Escobar","DAL",0,0,0,0,0,0,0,0,8,99,3,0,0,0,0
"Geno Smith","NYJ",0,0,0,131,233,1370,7,10,0,0,0,35,139,1,6
"George Winn","DET",0,0,0,0,0,0,0,0,0,0,0,17,66,0,0
"Giovani Bernard","CIN",0,0,0,0,0,0,0,0,22,179,0,109,446,5,0
"Golden Tate","DET",0,0,0,0,0,0,0,0,68,950,3,2,12,0,1
"Graham Gano","CAR",22,18,21,0,0,0,0,0,0,0,0,0,0,0,0
"Greg Jennings","MIN",0,0,0,0,0,0,0,0,36,463,2,0,0,0,0
"Greg Little","CIN",0,0,0,0,0,0,0,0,5,63,0,0,0,0,0
"Greg Olsen","CAR",0,0,0,0,0,0,0,0,56,719,5,0,0,0,0
"Greg Salas","NYJ",0,0,0,0,0,0,0,0,8,167,0,0,0,0,0
"Greg Zuerlein","STL",18,15,20,0,0,0,0,0,0,0,0,0,0,0,0
"Griff Whalen","IND",0,0,0,0,0,0,0,0,2,23,0,0,0,0,2
"Hakeem Nicks","IND",0,0,0,0,0,0,0,0,23,227,3,0,0,0,0
"Harry Douglas","ATL",0,0,0,0,0,0,0,0,19,209,1,0,0,0,0
"Heath Miller","PIT",0,0,0,0,0,0,0,0,43,501,2,0,0,0,1
"Henry Hynoski","NYG",0,0,0,0,0,0,0,0,0,0,0,3,7,0,0
"Isa Abdul-Quddus","DET",0,0,0,0,0,0,0,0,1,3,0,0,0,0,0
"Isaiah Crowell","CLE",0,0,0,0,0,0,0,0,5,46,0,78,358,5,3
"Jace Amaro","NYJ",0,0,0,0,0,0,0,0,34,291,2,0,0,0,1
"Jack Doyle","IND",0,0,0,0,0,0,0,0,9,58,1,0,0,0,0
"Jackie Battle","TEN",0,0,0,0,0,0,0,0,5,28,0,4,9,1,0
"Jacob Tamme","DEN",0,0,0,0,0,0,0,0,10,88,2,0,0,0,0
"Jacoby Jones","BAL",0,0,0,0,0,0,0,0,4,50,0,1,2,0,3
"Jacquizz Rodgers","ATL",0,0,0,0,0,0,0,0,17,96,0,26,98,1,1
"Jake Locker","TEN",0,0,0,65,112,764,4,4,0,0,0,18,107,1,2
"Jalen Parmele","ARI",0,0,0,0,0,0,0,0,0,0,0,1,0,0,0
"Jamaal Charles","KAN",0,0,0,0,0,0,0,0,22,148,2,133,692,8,3
"James Casey","PHI",0,0,0,0,0,0,0,0,2,45,1,0,0,0,0
"James Develin","NWE",0,0,0,0,0,0,0,0,6,43,0,3,5,0,1
"James Hanna","DAL",0,0,0,0,0,0,0,0,1,7,0,0,0,0,0
"James Jones","OAK",0,0,0,0,0,0,0,0,49,498,3,0,0,0,3
"James Starks","GNB",0,0,0,0,0,0,0,0,9,48,0,57,212,1,0
"James White","NWE",0,0,0,0,0,0,0,0,3,15,0,9,38,0,0
"James Wright","CIN",0,0,0,0,0,0,0,0,2,32,0,2,24,0,0
"Jamize Olawale","OAK",0,0,0,0,0,0,0,0,3,16,0,2,0,0,0
"Jared Cook","STL",0,0,0,0,0,0,0,0,34,446,1,1,0,0,0
"Jarius Wright","MIN",0,0,0,0,0,0,0,0,26,315,0,2,16,0,0
"Jaron Brown","ARI",0,0,0,0,0,0,0,0,9,76,1,0,0,0,0
"Jarrett Boykin","GNB",0,0,0,0,0,0,0,0,2,17,0,0,0,0,0
"Jarvis Landry","MIA",0,0,0,0,0,0,0,0,42,400,3,2,-4,0,3
"Jason Avant","CAR",0,0,0,0,0,0,0,0,21,201,1,1,1,0,0
"Jason Campbell","CIN",0,0,0,7,13,49,0,0,0,0,0,0,0,0,0
"Jason Witten","DAL",0,0,0,0,0,0,0,0,39,431,3,0,0,0,0
"Jay Cutler","CHI",0,0,0,250,373,2695,21,12,0,0,0,32,124,1,10
"Jay Prosch","HOU",0,0,0,0,0,0,0,0,1,24,0,0,0,0,0
"Jed Collins","DET",0,0,0,0,0,0,0,0,4,33,1,6,13,0,0
"Jeff Cumberland","NYJ",0,0,0,0,0,0,0,0,15,154,1,0,0,0,0
"Jeff Janis","GNB",0,0,0,0,0,0,0,0,2,16,0,0,0,0,0
"Jeff Locke","MIN",0,0,0,0,0,0,0,0,0,0,0,0,0,0,0
"Jeff Maehl","PHI",0,0,0,0,0,0,0,0,5,46,0,0,0,0,0
"Jeremy Hill","CIN",0,0,0,0,0,0,0,0,16,159,0,113,556,5,2
"Jeremy Kerley","NYJ",0,0,0,0,0,0,0,0,26,237,1,0,0,0,0
"Jeremy Maclin","PHI",0,0,0,0,0,0,0,0,57,921,9,0,0,0,0
"Jeremy Ross","DET",0,0,0,0,0,0,0,0,17,204,1,1,-5,0,2
"Jerick McKinnon","MIN",0,0,0,0,0,0,0,0,24,126,0,98,484,0,0
"Jermaine Gresham","CIN",0,0,0,0,0,0,0,0,38,289,2,0,0,0,2
"Jermaine Kearse","SEA",0,0,0,1,1,17,0,0,25,361,1,0,0,0,0
"Jerome Felton","MIN",0,0,0,0,0,0,0,0,0,0,0,3,24,0,0
"Jerrel Jernigan","NYG",0,0,0,0,0,0,0,0,6,40,0,1,-2,0,0
"Jerricho Cotchery","CAR",0,0,0,0,0,0,0,0,32,433,0,0,0,0,0
"Jim Dray","CLE",0,0,0,0,0,0,0,0,12,190,1,0,0,0,0
"Jimmy Clausen","CHI",0,0,0,3,9,42,0,0,0,0,0,0,0,0,0
"Jimmy Garoppolo","NWE",0,0,0,9,10,92,1,0,0,0,0,6,-7,0,0
"Jimmy Graham","NOR",0,0,0,0,0,0,0,0,59,623,7,0,0,0,1
"J.J. Watt","HOU",0,0,0,0,0,0,0,0,2,3,2,0,0,0,0
"Joe Banyard","MIN",0,0,0,0,0,0,0,0,2,11,0,0,0,0,0
"Joe Flacco","BAL",0,0,0,219,351,2521,17,8,0,0,0,20,35,0,2
"Joe McKnight","KAN",0,0,0,0,0,0,0,0,6,64,2,1,3,0,0
"Joe Morgan","NOR",0,0,0,0,0,0,0,0,1,7,0,0,0,0,0
"Joe Webb","CAR",0,0,0,0,0,0,0,0,1,16,0,0,0,0,0
"John Brown","ARI",0,0,0,0,0,0,0,0,34,468,5,3,-6,0,0
"John Carlson","ARI",0,0,0,0,0,0,0,0,23,254,1,0,0,0,0
"John Kuhn","GNB",0,0,0,0,0,0,0,0,2,8,0,16,53,1,0
"Johnny Hekker","STL",0,0,0,1,1,18,0,0,0,0,0,0,0,0,0
"Johnny Manziel","CLE",0,0,0,0,1,0,0,0,0,0,0,0,0,0,0
"John Phillips","SDG",0,0,0,0,0,0,0,0,1,1,1,0,0,0,0
"Joique Bell","DET",0,0,0,0,0,0,0,0,20,204,0,122,442,3,3
"Jonas Gray","NWE",0,0,0,0,0,0,0,0,0,0,0,70,330,4,0
"Jonathan Dwyer","ARI",0,0,0,0,0,0,0,0,2,8,0,16,51,1,0
"Jonathan Grimes","HOU",0,0,0,0,0,0,0,0,1,31,0,20,77,0,0
"Jonathan Stewart","CAR",0,0,0,0,0,0,0,0,18,123,0,84,323,2,0
"Jon Ryan","SEA",0,0,0,0,0,0,0,0,0,0,0,1,5,0,0
"Jordan Cameron","CLE",0,0,0,0,0,0,0,0,13,250,1,0,0,0,0
"Jordan Matthews","PHI",0,0,0,0,0,0,0,0,44,558,6,0,0,0,0
"Jordan Reed","WAS",0,0,0,0,0,0,0,0,24,229,0,0,0,0,0
"Jordan Todman","JAX",0,0,0,0,0,0,0,0,13,102,0,13,46,0,0
"Jordy Nelson","GNB",0,0,0,0,0,0,0,0,60,998,9,0,0,0,0
"Jorvorskie Lane","TAM",0,0,0,0,0,0,0,0,1,3,0,2,56,0,0
"Joseph Fauria","DET",0,0,0,0,0,0,0,0,3,49,0,0,0,0,0
"Joseph Randle","DAL",0,0,0,0,0,0,0,0,1,14,0,29,201,1,1
"Josh Brown","NYG",10,10,25,0,0,0,0,0,0,0,0,0,0,0,0
"Josh Hill","NOR",0,0,0,0,0,0,0,0,9,122,3,0,0,0,0
"Josh Huff","PHI",0,0,0,0,0,0,0,0,6,48,0,0,0,0,1
"Josh McCown","TAM",0,0,0,85,134,1009,6,6,0,0,0,13,80,2,3
"Josh Morgan","CHI",0,0,0,0,0,0,0,0,6,47,1,0,0,0,0
"Josh Scobee","JAX",14,10,16,0,0,0,0,0,0,0,0,0,0,0,0
"Julian Edelman","NWE",0,0,0,0,0,0,0,0,59,606,2,8,84,0,2
"Julio Jones","ATL",0,0,0,0,0,0,0,0,67,912,3,1,1,0,2
"Julius Thomas","DEN",0,0,0,0,0,0,0,0,40,426,12,0,0,0,1
"Junior Hemingway","KAN",0,0,0,0,0,0,0,0,11,104,0,0,0,0,0
"Justin Brown","PIT",0,0,0,0,0,0,0,0,12,94,0,0,0,0,1
"Justin Forsett","BAL",0,0,0,0,0,0,0,0,31,202,0,133,721,5,1
"Justin Hunter","TEN",0,0,0,0,0,0,0,0,23,416,2,0,0,0,0
"Justin Tucker","BAL",22,19,26,0,0,0,0,0,0,0,0,0,0,0,0
"Juwan Thompson","DEN",0,0,0,0,0,0,0,0,3,11,0,30,121,3,1
"Ka'Deem Carey","CHI",0,0,0,0,0,0,0,0,1,11,0,30,143,0,0
"Kai Forbath","WAS",18,15,21,0,0,0,0,0,0,0,0,0,0,0,0
"Kamar Aiken","BAL",0,0,0,0,0,0,0,0,13,138,1,0,0,0,0
"Keenan Allen","SDG",0,0,0,0,0,0,0,0,55,537,1,0,0,0,0
"Kellen Clemens","SDG",0,0,0,1,3,10,0,0,0,0,0,0,0,0,0
"Kelvin Benjamin","CAR",0,0,0,0,0,0,0,0,52,768,8,0,0,0,1
"Kenbrell Thompkins","2TM",0,0,0,0,0,0,0,0,13,142,0,2,5,0,0
"Kendall Wright","TEN",0,0,0,0,0,0,0,0,43,473,4,3,44,0,1
"Kenny Britt","STL",0,0,0,0,0,0,0,0,25,440,3,2,14,0,0
"Kenny Stills","NOR",0,0,0,0,0,0,0,0,31,431,2,0,0,0,1
"Keshawn Martin","HOU",0,0,0,0,0,0,0,0,4,34,0,0,0,0,0
"Kevin Brock","CIN",0,0,0,0,0,0,0,0,2,1,0,0,0,0,0
"Kevin Dorsey","GNB",0,0,0,0,0,0,0,0,1,4,0,0,0,0,0
"Kevin Huber","CIN",0,0,0,0,0,0,0,0,0,0,0,0,0,0,0
"Kevin Norwood","SEA",0,0,0,0,0,0,0,0,4,36,0,0,0,0,0
"Khalif Barnes","OAK",0,0,0,0,0,0,0,0,1,1,0,0,0,0,1
"Khiry Robinson","NOR",0,0,0,0,0,0,0,0,3,26,0,64,330,2,2
"Kirk Cousins","WAS",0,0,0,126,204,1710,10,9,0,0,0,7,20,0,2
"Knile Davis","KAN",0,0,0,0,0,0,0,0,11,65,0,111,421,5,4
"Knowshon Moreno","MIA",0,0,0,0,0,0,0,0,1,8,0,31,148,1,0
"Kyle Juszczyk","BAL",0,0,0,0,0,0,0,0,13,154,1,0,0,0,0
"Kyle Orton","BUF",0,0,0,146,228,1580,10,3,0,0,0,8,10,0,2
"Kyle Rudolph","MIN",0,0,0,0,0,0,0,0,10,96,1,0,0,0,0
"Ladarius Green","SDG",0,0,0,0,0,0,0,0,13,176,0,0,0,0,0
"Lamar Miller","MIA",0,0,0,0,0,0,0,0,24,152,1,125,614,5,3
"LaMichael James","2TM",0,0,0,0,0,0,0,0,0,0,0,2,0,0,0
"Lance Dunbar","DAL",0,0,0,0,0,0,0,0,14,175,0,19,54,0,0
"Lance Kendricks","STL",0,0,0,0,0,0,0,0,21,170,4,0,0,0,0
"Lance Moore","PIT",0,0,0,0,0,0,0,0,11,156,2,0,0,0,0
"Larry Donnell","NYG",0,0,0,0,0,0,0,0,44,437,6,0,0,0,3
"Larry Fitzgerald","ARI",0,0,0,0,0,0,0,0,46,658,2,0,0,0,1
"Latavius Murray","OAK",0,0,0,0,0,0,0,0,6,35,0,10,54,0,0
"Lee Smith","BUF",0,0,0,0,0,0,0,0,2,5,1,0,0,0,0
"LeGarrette Blount","PIT",0,0,0,0,0,0,0,0,6,36,0,65,266,2,1
"Leon Washington","TEN",0,0,0,0,0,0,0,0,11,77,1,5,35,0,2
"LeSean McCoy","PHI",0,0,0,0,0,0,0,0,22,110,0,196,729,2,2
"Le'Veon Bell","PIT",0,0,0,0,0,0,0,0,57,484,2,195,951,2,0
"Levine Toilolo","ATL",0,0,0,0,0,0,0,0,17,172,1,0,0,0,1
"Logan Paulsen","WAS",0,0,0,0,0,0,0,0,9,46,0,0,0,0,1
"Logan Thomas","ARI",0,0,0,1,8,81,1,0,0,0,0,0,0,0,0
"Lorenzo Taliaferro","BAL",0,0,0,0,0,0,0,0,7,94,0,61,257,4,1
"Louis Murphy","TAM",0,0,0,0,0,0,0,0,21,242,2,0,0,0,1
"Luke Stocker","TAM",0,0,0,0,0,0,0,0,3,23,0,0,0,0,0
"Luke Willson","SEA",0,0,0,0,0,0,0,0,11,130,1,0,0,0,0
"Malcom Floyd","SDG",0,0,0,0,0,0,0,0,32,574,4,0,0,0,0
"Marcedes Lewis","JAX",0,0,0,0,0,0,0,0,8,106,1,0,0,0,0
"Marcel Jensen","JAX",0,0,0,0,0,0,0,0,1,8,0,0,0,0,0
"Marcel Reece","OAK",0,0,0,0,0,0,0,0,18,95,0,6,23,0,0
"Marion Grice","ARI",0,0,0,0,0,0,0,0,0,0,0,6,13,1,0
"Mark Ingram","NOR",0,0,0,0,0,0,0,0,18,97,0,138,618,6,0
"Mark Sanchez","PHI",0,0,0,61,103,880,6,4,0,0,0,10,4,0,5
"Markus Wheaton","PIT",0,0,0,0,0,0,0,0,36,442,2,4,19,0,0
"Marlon Brown","BAL",0,0,0,0,0,0,0,0,10,93,0,0,0,0,0
"Marqise Lee","JAX",0,0,0,0,0,0,0,0,13,141,0,2,5,0,0
"MarQueis Gray","MIN",0,0,0,0,0,0,0,0,1,16,0,0,0,0,0
"Marques Colston","NOR",0,0,0,0,0,0,0,0,34,536,1,0,0,0,1
"Marquess Wilson","CHI",0,0,0,0,0,0,0,0,2,11,0,0,0,0,0
"Marquette King","OAK",0,0,0,0,0,0,0,0,0,0,0,0,0,0,0
"Marquise Goodwin","BUF",0,0,0,0,0,0,0,0,1,42,0,2,-4,0,1
"Marshawn Lynch","SEA",0,0,0,0,0,0,0,0,24,247,3,177,813,9,1
"Martavis Bryant","PIT",0,0,0,0,0,0,0,0,16,321,6,1,3,0,0
"Martellus Bennett","CHI",0,0,0,0,0,0,0,0,53,591,5,0,0,0,0
"Mason Crosby","GNB",17,15,37,0,0,0,0,0,0,0,0,0,0,0,0
"Matt Asiata","MIN",0,0,0,0,0,0,0,0,25,211,1,85,279,6,1
"Matt Barkley","PHI",0,0,0,0,1,0,0,0,0,0,0,3,0,0,0
"Matt Bryant","ATL",18,16,26,0,0,0,0,0,0,0,0,0,0,0,0
"Matt Cassel","MIN",0,0,0,41,71,425,3,4,0,0,0,9,18,0,3
"Matt Flynn","GNB",0,0,0,7,15,60,0,1,0,0,0,7,-7,0,1
"Matt Forte","CHI",0,0,0,0,0,0,0,0,67,575,3,173,733,3,1
"Matt Hasselbeck","IND",0,0,0,2,4,20,0,0,0,0,0,4,-3,0,0
"Matthew Bosher","ATL",0,0,0,0,0,0,0,0,0,0,0,0,0,0,0
"Matthew Stafford","DET",0,0,0,226,369,2679,13,9,0,0,0,28,44,2,5
"Matt McGloin","OAK",0,0,0,12,19,129,1,2,0,0,0,2,3,0,0
"Matt Moore","MIA",0,0,0,2,4,21,0,0,0,0,0,2,-2,0,0
"Matt Prater","2TM",12,9,8,0,0,0,0,0,0,0,0,0,0,0,0
"Matt Ryan","ATL",0,0,0,249,381,2793,17,8,0,0,0,16,72,0,3
"Matt Schaub","OAK",0,0,0,0,1,0,0,1,0,0,0,0,0,0,0
"Matt Simms","NYJ",0,0,0,3,8,39,0,0,0,0,0,1,2,0,0
"Matt Spaeth","PIT",0,0,0,0,0,0,0,0,1,33,1,0,0,0,0
"Maurice Jones-Drew","OAK",0,0,0,0,0,0,0,0,8,48,0,33,70,0,1
"Michael Campanaro","BAL",0,0,0,0,0,0,0,0,6,85,1,0,0,0,0
"Michael Cox","NYG",0,0,0,0,0,0,0,0,2,9,0,4,33,0,0
"Michael Crabtree","SFO",0,0,0,0,0,0,0,0,43,509,4,1,4,0,0
"Michael Floyd","ARI",0,0,0,0,0,0,0,0,26,454,4,1,2,0,2
"Michael Hoomanawanui","NWE",0,0,0,0,0,0,0,0,2,21,0,0,0,0,0
"Michael Koenen","TAM",0,0,0,0,0,0,0,0,0,0,0,0,0,0,0
"Michael Palmer","PIT",0,0,0,0,0,0,0,0,1,1,1,0,0,0,0
"Michael Vick","NYJ",0,0,0,57,102,528,3,1,0,0,0,24,149,0,5
"Micheal Spurlock","CHI",0,0,0,0,0,0,0,0,1,8,0,0,0,0,0
"Mike Brown","JAX",0,0,0,0,0,0,0,0,7,88,0,0,0,0,1
"Mike Evans","TAM",0,0,0,0,0,0,0,0,46,794,7,0,0,0,0
"Mike Glennon","TAM",0,0,0,117,203,1417,10,6,0,0,0,10,49,0,2
"Mike James","TAM",0,0,0,0,0,0,0,0,1,-5,0,19,37,0,0
"Mike Nugent","CIN",23,17,23,0,0,0,0,0,0,0,0,0,0,0,0
"Mike Scifres","SDG",0,0,0,0,0,0,0,0,0,0,0,0,0,0,0
"Mike Tolbert","CAR",0,0,0,0,0,0,0,0,8,59,0,14,10,0,0
"Mike Wallace","MIA",0,0,0,0,1,0,0,0,44,557,6,3,16,0,2
"Mike Williams","BUF",0,0,0,0,0,0,0,0,8,142,1,0,0,0,0
"Miles Austin","CLE",0,0,0,0,0,0,0,0,34,418,2,0,0,0,0
"Mohamed Sanu","CIN",0,0,0,2,2,68,1,0,44,671,4,4,40,0,0
"Montee Ball","DEN",0,0,0,0,0,0,0,0,9,62,0,55,172,1,1
"Mychal Rivera","OAK",0,0,0,0,0,0,0,0,37,326,3,0,0,0,3
"Nate Freese","DET",7,3,6,0,0,0,0,0,0,0,0,0,0,0,0
"Nate Washington","TEN",0,0,0,0,0,0,0,0,20,347,1,0,0,0,0
"Nic Jacobs","JAX",0,0,0,0,0,0,0,0,2,16,1,0,0,0,0
"Nick Foles","PHI",0,0,0,186,311,2163,13,10,0,0,0,16,68,0,4
"Nick Folk","NYJ",19,17,15,0,0,0,0,0,0,0,0,0,0,0,0
"Nick Novak","SDG",17,16,24,0,0,0,0,0,0,0,0,0,0,0,0
"Niles Paul","WAS",0,0,0,0,0,0,0,0,33,446,1,0,0,0,1
"Odell Beckham","NYG",0,0,0,0,0,0,0,0,31,463,3,2,24,0,0
"Orleans Darkwa","2TM",0,0,0,0,0,0,0,0,3,31,0,4,2,0,0
"Owen Daniels","BAL",0,0,0,0,0,0,0,0,35,348,3,0,0,0,0
"Pat McAfee","IND",0,0,0,0,0,0,0,0,0,0,0,0,0,0,0
"Pat O'Donnell","CHI",0,0,0,0,0,0,0,0,0,0,0,1,-12,0,1
"Patrick DiMarco","ATL",0,0,0,0,0,0,0,0,7,50,1,0,0,0,0
"Patrick Murray","TAM",15,11,23,0,0,0,0,0,0,0,0,0,0,0,0
"Paul Richardson","SEA",0,0,0,0,0,0,0,0,13,96,0,0,0,0,1
"Percy Harvin","2TM",0,0,0,0,0,0,0,0,39,307,0,22,161,1,2
"Peyton Hillis","NYG",0,0,0,0,0,0,0,0,10,87,0,26,115,0,0
"Peyton Manning","DEN",0,0,0,273,407,3301,30,9,0,0,0,14,-6,0,2
"Phil Dawson","SFO",23,19,22,0,0,0,0,0,0,0,0,0,0,0,0
"Philip Rivers","SDG",0,0,0,219,328,2544,21,8,0,0,0,25,71,0,6
"Phillip Supernaw","2TM",0,0,0,0,0,0,0,0,2,1,0,0,0,0,0
"Philly Brown","CAR",0,0,0,0,0,0,0,0,12,160,1,3,33,0,3
"Pierre Garcon","WAS",0,0,0,0,0,0,0,0,43,464,3,0,0,0,0
"Pierre Thomas","NOR",0,0,0,0,0,0,0,0,26,204,1,30,133,2,0
"Preston Parker","NYG",0,0,0,0,0,0,0,0,22,272,1,0,0,0,1
"Randall Cobb","GNB",0,0,0,0,0,0,0,0,54,779,10,4,9,0,1
"Randy Bullock","HOU",22,18,25,0,0,0,0,0,0,0,0,0,0,0,0
"Rashad Jennings","NYG",0,0,0,0,0,0,0,0,15,117,0,109,455,2,1
"Ray Agnew","CLE",0,0,0,0,0,0,0,0,2,15,0,2,2,0,0
"Reggie Bush","DET",0,0,0,0,0,0,0,0,26,169,0,53,191,1,0
"Reggie Wayne","IND",0,0,0,0,0,0,0,0,47,595,2,0,0,0,0
"Rex Burkhead","CIN",0,0,0,0,0,0,0,0,7,49,0,6,13,0,0
"Rhett Ellison","MIN",0,0,0,0,0,0,0,0,10,118,1,0,0,0,0
"Ricardo Lockette","SEA",0,0,0,0,0,0,0,0,7,123,2,1,2,0,0
"Richard Rodgers","GNB",0,0,0,0,0,0,0,0,10,136,0,0,0,0,0
"Riley Cooper","PHI",0,0,0,0,0,0,0,0,36,376,1,0,0,0,1
"Rishard Matthews","MIA",0,0,0,0,0,0,0,0,7,82,2,0,0,0,0
"Robbie Gould","CHI",10,8,23,0,0,0,0,0,0,0,0,0,0,0,0
"Robert Golden","PIT",0,0,0,1,1,25,0,0,0,0,0,0,0,0,0
"Robert Griffin","WAS",0,0,0,72,100,763,2,3,0,0,0,18,89,0,3
"Robert Herron","TAM",0,0,0,0,0,0,0,0,6,58,1,1,0,0,0
"Robert Hughes","ARI",0,0,0,0,0,0,0,0,6,94,0,3,4,0,0
"Robert Meachem","NOR",0,0,0,0,0,0,0,0,5,85,0,0,0,0,0
"Robert Turbin","SEA",0,0,0,0,0,0,0,0,10,109,1,36,159,0,1
"Robert Woods","BUF",0,0,0,0,0,0,0,0,36,361,2,0,0,0,1
"Rob Gronkowski","NWE",0,0,0,0,0,0,0,0,53,734,9,0,0,0,0
"Rob Housler","ARI",0,0,0,0,0,0,0,0,6,76,0,0,0,0,0
"Roddy White","ATL",0,0,0,0,0,0,0,0,47,566,5,0,0,0,1
"Rod Streater","OAK",0,0,0,0,0,0,0,0,9,84,1,0,0,0,0
"Ronnie Brown","2TM",0,0,0,0,0,0,0,0,4,35,0,11,21,0,0
"Ronnie Hillman","DEN",0,0,0,0,0,0,0,0,20,137,1,91,378,3,1
"Roy Helu","WAS",0,0,0,0,0,0,0,0,32,366,1,33,169,1,2
"Rueben Randle","NYG",0,0,0,0,0,0,0,0,50,521,2,0,0,0,0
"Russell Shepard","TAM",0,0,0,0,0,0,0,0,2,30,0,0,0,0,0
"Russell Wilson","SEA",0,0,0,182,291,2019,13,5,1,17,0,74,571,4,7
"Ryan Allen","NWE",0,0,0,0,0,0,0,0,0,0,0,0,0,0,0
"Ryan Broyles","DET",0,0,0,0,0,0,0,0,2,25,0,0,0,0,0
"Ryan Fitzpatrick","HOU",0,0,0,157,254,1960,11,8,0,0,0,36,143,1,5
"Ryan Grant","WAS",0,0,0,0,0,0,0,0,5,57,0,0,0,0,0
"Ryan Griffin","HOU",0,0,0,0,0,0,0,0,2,14,0,0,0,0,0
"Ryan Hewitt","CIN",0,0,0,0,0,0,0,0,3,18,0,1,0,0,0
"Ryan Mallett","HOU",0,0,0,20,30,211,2,1,0,0,0,5,-4,0,0
"Ryan Mathews","SDG",0,0,0,0,0,0,0,0,5,51,0,39,141,1,1
"Ryan Nassib","NYG",0,0,0,4,5,60,0,0,0,0,0,0,0,0,0
"Ryan Quigley","NYJ",0,0,0,0,0,0,0,0,0,0,0,0,0,0,0
"Ryan Succop","TEN",14,12,18,0,0,0,0,0,0,0,0,0,0,0,0
"Ryan Tannehill","MIA",0,0,0,231,353,2354,17,7,1,-4,0,37,261,0,6
"Sam Koch","BAL",0,0,0,0,0,0,0,0,0,0,0,0,0,0,0
"Sam Martin","DET",0,0,0,2,2,27,0,0,0,0,0,0,0,0,0
"Sammy Watkins","BUF",0,0,0,0,0,0,0,0,45,649,5,1,3,0,0
"Santonio Holmes","CHI",0,0,0,0,0,0,0,0,8,67,0,0,0,0,1
"Scott Chandler","BUF",0,0,0,0,0,0,0,0,26,307,1,0,0,0,0
"Sebastian Janikowski","OAK",13,11,17,0,0,0,0,0,0,0,0,0,0,0,0
"Seyi Ajirotutu","SDG",0,0,0,0,0,0,0,0,1,11,0,0,0,0,0
"Shane Lechler","HOU",0,0,0,1,1,10,0,0,0,0,0,0,0,0,0
"Shane Vereen","NWE",0,0,0,0,0,0,0,0,35,305,3,70,328,1,0
"Shaun Draughn","SDG",0,0,0,0,0,0,0,0,0,0,0,10,19,0,0
"Shaun Hill","STL",0,0,0,28,42,301,1,1,1,0,0,1,-1,0,2
"Shaun Suisham","PIT",20,18,32,0,0,0,0,0,0,0,0,0,0,0,0
"Shayne Graham","NOR",16,15,28,0,0,0,0,0,0,0,0,0,0,0,0
"Shonn Greene","TEN",0,0,0,0,0,0,0,0,0,0,0,52,205,1,1
"Silas Redd","WAS",0,0,0,0,0,0,0,0,2,9,0,13,62,1,0
"Solomon Patton","2TM",0,0,0,0,0,0,0,0,0,0,0,1,19,0,1
"Spencer Lanning","CLE",0,0,0,0,0,0,0,0,0,0,0,0,0,0,0
"Stedman Bailey","STL",0,0,0,0,0,0,0,0,8,86,0,0,0,0,0
"Stepfan Taylor","ARI",0,0,0,0,0,0,0,0,7,44,2,20,69,1,0
"Stephen Gostkowski","NWE",25,24,35,0,0,0,0,0,0,0,0,0,0,0,0
"Stevan Ridley","NWE",0,0,0,0,0,0,0,0,4,20,0,94,340,2,0
"Steve Johnson","SFO",0,0,0,0,0,0,0,0,32,407,3,0,0,0,0
"Steven Hauschka","SEA",21,19,27,0,0,0,0,0,0,0,0,0,0,0,0
"Steven Jackson","ATL",0,0,0,0,0,0,0,0,14,80,0,128,467,4,0
"Steve Smith","BAL",0,0,0,0,0,0,0,0,49,728,4,0,0,0,1
"Steve Weatherford","NYG",0,0,0,0,0,0,0,0,0,0,0,1,0,0,0
"Storm Johnson","JAX",0,0,0,0,0,0,0,0,1,-4,0,20,64,2,0
"Tauren Poole","2TM",0,0,0,0,0,0,0,0,0,0,0,1,0,0,1
"Tavon Austin","STL",0,0,0,0,0,0,0,0,19,164,0,20,93,0,2
"Taylor Gabriel","CLE",0,0,0,0,0,0,0,0,29,527,1,3,6,0,0
"Taylor Thompson","TEN",0,0,0,0,0,0,0,0,2,24,0,0,0,0,0
"Teddy Bridgewater","MIN",0,0,0,137,225,1479,4,6,0,0,0,23,97,1,1
"Ted Ginn","ARI",0,0,0,1,1,10,0,0,7,111,0,2,3,0,2
"Terrance West","CLE",0,0,0,0,0,0,0,0,7,39,1,112,408,3,0
"Terrance Williams","DAL",0,0,0,0,0,0,0,0,27,426,6,0,0,0,0
"Theo Riddick","DET",0,0,0,0,0,0,0,0,18,178,3,17,35,0,0
"Thomas Morstead","NOR",0,0,0,0,0,0,0,0,0,0,0,0,0,0,0
"Tim Masthay","GNB",0,0,0,0,0,0,0,0,0,0,0,0,0,0,0
"Tim Wright","NWE",0,0,0,0,0,0,0,0,18,184,4,1,-2,0,0
"T.J. Graham","NYJ",0,0,0,0,0,0,0,0,2,78,1,0,0,0,0
"T.J. Yates","ATL",0,0,0,3,4,64,0,1,0,0,0,0,0,0,0
"Toby Gerhart","JAX",0,0,0,0,0,0,0,0,12,135,0,59,154,1,1
"Tom Brady","NWE",0,0,0,233,364,2649,24,5,0,0,0,19,14,0,6
"Tommy Bohanon","NYJ",0,0,0,0,0,0,0,0,2,30,0,1,3,0,0
"Tony Moeaki","SEA",0,0,0,0,0,0,0,0,1,1,1,0,0,0,0
"Tony Romo","DAL",0,0,0,185,269,2244,18,6,0,0,0,14,39,0,3
"Torrey Smith","BAL",0,0,0,0,0,0,0,0,27,446,6,0,0,0,0
"Travaris Cadet","NOR",0,0,0,0,0,0,0,0,30,252,1,9,27,0,2
"Travis Benjamin","CLE",0,0,0,0,0,0,0,0,15,269,3,3,11,0,2
"Travis Kelce","KAN",0,0,0,0,0,0,0,0,37,475,4,0,0,0,2
"Tre Mason","STL",0,0,0,0,0,0,0,0,8,39,0,92,383,1,1
"Trent Richardson","IND",0,0,0,0,0,0,0,0,22,203,0,115,391,2,2
"Tress Way","WAS",0,0,0,0,0,0,0,0,0,0,0,0,0,0,0
"Trey Burton","PHI",0,0,0,0,0,0,0,0,0,0,0,5,10,0,0
"Trey Watts","STL",0,0,0,0,0,0,0,0,3,18,0,7,30,0,0
"Troy Niklas","ARI",0,0,0,0,0,0,0,0,3,38,0,0,0,0,0
"T.Y. Hilton","IND",0,0,0,0,0,0,0,0,59,961,3,1,5,0,1
"Tyler Clutts","DAL",0,0,0,0,0,0,0,0,1,1,0,0,0,0,0
"Tyler Eifert","CIN",0,0,0,0,0,0,0,0,3,37,0,0,0,0,0
"Tyrod Taylor","BAL",0,0,0,0,0,0,0,0,0,0,0,4,-3,0,0
"Vance McDonald","SFO",0,0,0,0,0,0,0,0,2,30,0,0,0,0,1
"Vernon Davis","SFO",0,0,0,0,0,0,0,0,18,176,2,1,4,0,0
"Victor Cruz","NYG",0,0,0,0,0,0,0,0,23,337,1,0,0,0,0
"Vincent Brown","OAK",0,0,0,0,0,0,0,0,6,42,0,0,0,0,0
"Vincent Jackson","TAM",0,0,0,0,0,0,0,0,43,561,2,0,0,0,0
"Virgil Green","DEN",0,0,0,0,0,0,0,0,2,18,0,2,3,0,0
"Wes Welker","DEN",0,0,0,0,0,0,0,0,30,264,1,0,0,0,0
"Will Johnson","PIT",0,0,0,0,0,0,0,0,5,30,0,2,0,0,0
"Will Ta'ufo'ou","JAX",0,0,0,0,0,0,0,0,5,62,0,0,0,0,0
"Zach Ertz","PHI",0,0,0,0,0,0,0,0,30,430,2,0,0,0,1
"Zach Mettenberger","TEN",0,0,0,60,97,758,5,4,0,0,0,1,-1,0,1
"Zach Miller","SEA",0,0,0,0,0,0,0,0,6,76,0,0,0,0,0
"Zach Sudfeld","NYJ",0,0,0,0,0,0,0,0,1,15,0,0,0,0,0
"Zac Stacy","STL",0,0,0,0,0,0,0,0,15,135,0,66,257,1,2
