Name,Att.rush,Yds.rush,TD.rush,Rec.catch,Yds.catch,TD.catch,Cmp.pass,Att.pass,Yds.pass,TD.pass,Int.pass,FGA,FGM,XPM,Fmb,Tm,Pos
A.J. Brown,2,10,0,46,615,3,0,1,0,0,0,0,0,0,0,TEN,wr
A.J. Green,0,0,0,34,538,3,0,0,0,0,0,0,0,0,0,ARI,wr
Aaron Jones,133,564,3,37,298,4,0,0,0,0,0,0,0,0,2,GNB,rb
Aaron Rodgers,24,76,3,1,-4,0,247,373,2878,23,4,0,0,0,2,GNB,qb
Adam Humphries,0,0,0,25,269,0,0,0,0,0,0,0,0,0,0,WAS,wr
Adam Prentice,0,0,0,1,10,0,0,0,0,0,0,0,0,0,0,NOR,fb
Adam Shaheen,0,0,0,12,110,0,0,0,0,0,0,0,0,0,0,MIA,te
Adam Thielen,1,2,0,63,686,10,0,0,0,0,0,0,0,0,1,MIN,wr
Adam Trautman,0,0,0,25,241,1,0,0,0,0,0,0,0,0,1,NOR,te
Adrian Peterson,27,82,1,4,8,0,0,0,0,0,0,0,0,0,0,TEN,rb
AJ Dillon,128,543,2,27,261,2,0,0,0,0,0,0,0,0,2,GNB,rb
Albert Okwuegbunam,0,0,0,20,205,1,0,0,0,0,0,0,0,0,1,DEN,te
Albert Wilson,3,16,0,20,178,0,0,1,0,0,0,0,0,0,0,MIA,wr
Alec Ingold,2,1,0,10,85,1,0,0,0,0,0,0,0,0,0,LVR,fb
Alex Armah,5,21,0,1,1,1,0,0,0,0,0,0,0,0,0,NOR,fb
Alex Collins,101,395,2,8,86,0,0,0,0,0,0,0,0,0,1,SEA,rb
Alex Erickson,0,0,0,3,55,0,0,0,0,0,0,0,0,0,0,CAR,NA
Alexander Mattison,88,315,1,21,149,1,0,0,0,0,0,0,0,0,1,MIN,rb
Allen Lazard,0,0,0,19,223,3,0,0,0,0,0,0,0,0,0,GNB,wr
Allen Robinson II,0,0,0,30,339,1,0,0,0,0,0,0,0,0,0,CHI,wr
Alvin Kamara,146,530,3,32,310,4,0,0,0,0,0,0,0,0,0,NOR,rb
Amani Hooker,0,0,0,1,6,0,0,0,0,0,0,0,0,0,0,TEN,db
Amari Cooper,0,0,0,44,583,5,0,0,0,0,0,0,0,0,1,DAL,wr
Amari Rodgers,1,11,0,3,40,0,0,0,0,0,0,0,0,0,2,GNB,wr
Ameer Abdullah,28,95,0,16,129,0,0,0,0,0,0,0,0,0,0,2TM,rb
Amon-Ra St. Brown,0,0,0,39,352,0,0,0,0,0,0,0,0,0,0,DET,wr
Andre Roberts,2,13,0,1,35,0,0,0,0,0,0,0,0,0,2,2TM,NA
Andrew Thomas,0,0,0,1,2,1,0,0,0,0,0,0,0,0,0,NYG,t
Andy Dalton,10,49,0,0,0,0,72,112,788,4,2,0,0,0,1,CHI,qb
Andy Janovich,2,0,1,0,0,0,0,0,0,0,0,0,0,0,0,CLE,fb
Anthony Firkser,0,0,0,20,145,0,0,0,0,0,0,0,0,0,1,TEN,te
Anthony McFarland Jr.,3,3,0,1,11,0,0,0,0,0,0,0,0,0,0,PIT,NA
Anthony Miller,0,0,0,6,25,1,0,0,0,0,0,0,0,0,0,2TM,NA
Anthony Schwartz,3,12,0,8,117,0,0,0,0,0,0,0,0,0,0,CLE,wr
Antoine Wesley,0,0,0,8,113,0,0,0,0,0,0,0,0,0,0,ARI,wr
Antonio Brown,1,6,0,29,418,4,0,0,0,0,0,0,0,0,0,TAM,wr
Antonio Gibson,183,712,5,26,193,1,0,0,0,0,0,0,0,0,5,WAS,rb
Antony Auclair,0,0,0,3,34,1,0,0,0,0,0,0,0,0,0,HOU,te
Ashton Dulin,1,-7,0,11,148,1,0,0,0,0,0,0,0,0,0,IND,wr
Auden Tate,0,0,0,3,39,1,0,0,0,0,0,0,0,0,0,CIN,NA
Austin Ekeler,135,604,7,51,473,7,0,0,0,0,0,0,0,0,2,LAC,rb
Austin Hooper,0,0,0,28,261,2,0,0,0,0,0,0,0,0,0,CLE,te
Austin Seibert,0,0,0,0,0,0,0,0,0,0,0,12,10,5,0,DET,k
Austin Walter,9,38,1,0,0,0,0,0,0,0,0,0,0,0,0,NYJ,NA
Baker Mayfield,27,93,1,0,0,0,194,312,2413,11,6,0,0,0,6,CLE,qb
Ben Roethlisberger,11,6,0,0,0,0,248,384,2522,14,6,0,0,0,8,PIT,qb
Ben Skowronek,0,0,0,4,38,0,0,0,0,0,0,0,0,0,0,LAR,NA
Benny Snell Jr.,15,43,0,1,7,0,0,0,0,0,0,0,0,0,0,PIT,rb
Blaine Gabbert,8,-6,0,0,0,0,7,8,67,0,0,0,0,0,0,TAM,NA
Blake Bell,2,5,0,5,41,0,0,0,0,0,0,0,0,0,0,KAN,te
Blake Gillikin,0,0,0,0,0,0,0,1,0,0,0,0,0,0,0,NOR,p
Blake Jarwin,0,0,0,10,90,2,0,0,0,0,0,0,0,0,0,DAL,te
Bobby Price,0,0,0,1,17,0,0,0,0,0,0,0,0,0,0,DET,saf
Boston Scott,61,285,4,9,44,0,0,0,0,0,0,0,0,0,1,PHI,rb
Brandin Cooks,1,5,0,62,704,3,0,0,0,0,0,0,0,0,0,HOU,wr
Brandon Aiyuk,4,13,0,32,432,3,0,0,0,0,0,0,0,0,1,SFO,wr
Brandon Allen,5,-4,0,0,0,0,2,4,13,1,0,0,0,0,0,CIN,NA
Brandon Bolden,26,141,0,31,296,1,0,0,0,0,0,0,0,0,1,NWE,rb
Brandon McManus,0,0,0,0,0,0,0,0,0,0,0,21,18,22,0,DEN,k
Brandon Zylstra,0,0,0,12,188,1,0,0,0,0,0,0,0,0,0,CAR,wr
Braxton Berrios,2,15,0,25,240,1,0,0,0,0,0,0,0,0,0,NYJ,wr
Breshad Perriman,1,-3,0,2,19,0,0,0,0,0,0,0,0,0,0,TAM,NA
Brett Maher,0,0,0,0,0,0,0,0,0,0,0,1,1,2,0,NOR,k
Brevin Jordan,0,0,0,9,80,2,0,0,0,0,0,0,0,0,0,HOU,te
Brian Hoyer,9,-9,0,0,0,0,6,7,164,1,0,0,0,0,0,NWE,NA
Brock Wright,0,0,0,2,14,0,0,0,0,0,0,0,0,0,0,DET,te
Bryan Edwards,1,0,0,22,446,2,0,0,0,0,0,0,0,0,0,LVR,wr
Buddy Howell,5,11,0,0,0,0,0,0,0,0,0,0,0,0,0,LAR,NA
Byron Pringle,0,0,0,23,338,3,0,0,0,0,0,0,0,0,2,KAN,wr
C.J. Beathard,0,0,0,0,0,0,2,2,33,0,0,0,0,0,0,JAX,NA
C.J. Board,1,6,0,4,51,0,0,0,0,0,0,0,0,0,0,NYG,wr
C.J. Ham,7,34,0,11,82,0,0,0,0,0,0,0,0,0,0,MIN,fb
C.J. Moore,1,28,0,0,0,0,0,0,0,0,0,0,0,0,0,DET,NA
C.J. Uzomah,0,0,0,30,331,5,0,0,0,0,0,0,0,0,0,CIN,te
Cairo Santos,0,0,0,0,0,0,0,0,0,0,0,19,16,17,0,CHI,k
Calvin Ridley,0,0,0,31,281,2,0,0,0,0,0,0,0,0,0,ATL,wr
Cam Newton,16,65,3,0,0,0,29,52,289,3,2,0,0,0,0,CAR,qb
Cam Sims,1,7,0,7,81,1,0,0,0,0,0,0,0,0,0,WAS,NA
Cameron Batson,2,15,0,2,15,1,0,0,0,0,0,0,0,0,0,TEN,NA
Cameron Brate,0,0,0,19,181,1,0,0,0,0,0,0,0,0,0,TAM,te
Carlos Hyde,62,227,0,10,60,0,0,0,0,0,0,0,0,0,1,JAX,rb
Carson Wentz,38,159,1,0,0,0,250,398,2790,21,5,0,0,0,7,IND,qb
Case Keenum,7,7,0,0,0,0,30,48,286,1,0,0,0,0,0,CLE,qb
Cedrick Wilson,2,11,0,30,420,3,2,2,57,0,0,0,0,0,2,DAL,wr
CeeDee Lamb,5,30,0,50,740,6,0,0,0,0,0,0,0,0,0,DAL,wr
Cethan Carter,0,0,0,2,16,0,0,0,0,0,0,0,0,0,0,MIA,te
Chad Henne,3,2,0,0,0,0,11,16,82,0,0,0,0,0,0,KAN,qb
Charlie Woerner,0,0,0,5,52,0,0,0,0,0,0,0,0,0,0,SFO,te
Chase Claypool,8,52,0,37,608,1,0,0,0,0,0,0,0,0,0,PIT,wr
Chase Edmonds,76,430,1,30,211,0,0,0,0,0,0,0,0,0,1,ARI,rb
Chase McLaughlin,0,0,0,0,0,0,0,0,0,0,0,18,14,26,0,CLE,k
Chester Rogers,1,9,0,20,238,1,0,0,0,0,0,0,0,0,1,TEN,wr
Chris Boswell,0,0,0,0,0,0,0,1,0,0,0,23,22,20,0,PIT,k
Chris Carson,54,232,3,6,29,0,0,0,0,0,0,0,0,0,1,SEA,rb
Chris Conley,0,0,0,14,233,1,0,0,0,0,0,0,0,0,1,HOU,wr
Chris Evans,9,41,0,11,127,1,0,0,0,0,0,0,0,0,0,CIN,wr
Chris Godwin,3,12,1,67,806,5,0,0,0,0,0,0,0,0,2,TAM,wr
Chris Herndon IV,0,0,0,3,23,1,0,0,0,0,0,0,0,0,0,MIN,te
Chris Hogan,0,0,0,4,41,1,0,0,0,0,0,0,0,0,0,NOR,NA
Chris Manhertz,0,0,0,5,60,1,0,0,0,0,0,0,0,0,0,JAX,te
Chris Moore,0,0,0,14,149,1,0,0,0,0,0,0,0,0,0,HOU,wr
Chris Myarick,0,0,0,2,11,1,0,0,0,0,0,0,0,0,0,NYG,te
Chris Streveler,3,6,0,0,0,0,6,9,36,0,0,0,0,0,1,ARI,NA
Christian Blake,0,0,0,3,20,0,0,0,0,0,0,0,0,0,0,ATL,NA
Christian Kirk,1,11,0,49,628,4,1,1,33,0,0,0,0,0,0,ARI,wr
Christian McCaffrey,99,442,1,37,343,1,0,0,0,0,0,0,0,0,1,CAR,rb
Chuba Hubbard,122,427,3,19,152,0,0,0,0,0,0,0,0,0,1,CAR,rb
Clyde Edwards-Helaire,77,367,1,10,74,2,0,0,0,0,0,0,0,0,2,KAN,rb
Cody Hollister,0,0,0,2,22,0,0,0,0,0,0,0,0,0,0,TEN,NA
Cody White,0,0,0,2,17,0,0,0,0,0,0,0,0,0,0,PIT,NA
Colby Parkinson,0,0,0,2,7,0,0,0,0,0,0,0,0,0,0,SEA,NA
Cole Beasley,0,0,0,62,530,1,0,1,0,0,0,0,0,0,0,BUF,wr
Cole Kmet,1,0,0,37,361,0,0,0,0,0,0,0,0,0,0,CHI,te
Collin Johnson,0,0,0,10,89,0,0,0,0,0,0,0,0,0,0,NYG,wr
Colt McCoy,21,34,0,0,0,0,68,90,684,3,1,0,0,0,4,ARI,qb
Cooper Kupp,1,-5,0,92,1237,10,0,1,0,0,0,0,0,0,0,LAR,wr
Cooper Rush,4,-4,0,0,0,0,27,43,342,2,1,0,0,0,1,DAL,qb
Cordarrelle Patterson,93,411,4,41,500,5,0,1,0,0,0,0,0,0,2,ATL,rb
Corey Clement,9,20,0,1,5,0,0,0,0,0,0,0,0,0,0,DAL,NA
Corey Davis,0,0,0,32,477,4,0,0,0,0,0,0,0,0,2,NYJ,wr
Courtland Sutton,0,0,0,45,634,2,0,0,0,0,0,0,0,0,0,DEN,wr
Curtis Samuel,2,12,0,5,28,0,0,0,0,0,0,0,0,0,0,WAS,wr
Cyril Grayson Jr.,0,0,0,1,50,1,0,0,0,0,0,0,0,0,0,TAM,NA
D.J. Chark Jr.,0,0,0,7,154,2,0,0,0,0,0,0,0,0,0,JAX,wr
D.J. Moore,7,35,0,66,854,4,0,0,0,0,0,0,0,0,1,CAR,wr
D.K. Metcalf,0,0,0,47,650,8,0,0,0,0,0,0,0,0,1,SEA,wr
D'Andre Swift,140,555,4,56,429,2,0,1,0,0,0,0,0,0,2,DET,rb
D'Ernest Johnson,61,320,2,11,94,0,0,0,0,0,0,0,0,0,1,CLE,rb
D'Onta Foreman,42,193,0,4,66,0,0,0,0,0,0,0,0,0,1,TEN,rb
D'Wayne Eskridge,2,22,0,4,12,0,0,0,0,0,0,0,0,0,0,SEA,NA
Dak Prescott,27,94,1,0,0,0,261,376,2932,22,7,0,0,0,8,DAL,qb
Dallas Goedert,0,0,0,35,491,2,0,0,0,0,0,0,0,0,1,PHI,te
Dalton Schultz,0,0,0,47,537,4,0,0,0,0,0,0,0,0,0,DAL,te
Dalvin Cook,171,773,4,27,202,0,0,0,0,0,0,0,0,0,3,MIN,rb
Damarea Crockett,3,7,0,0,0,0,0,0,0,0,0,0,0,0,0,DEN,NA
Damien Harris,154,643,8,13,84,0,0,0,0,0,0,0,0,0,2,NWE,rb
Damien Williams,37,139,2,11,64,0,0,0,0,0,0,0,0,0,0,CHI,rb
Damiere Byrd,0,0,0,9,74,0,0,0,0,0,0,0,0,0,0,CHI,wr
Dan Arnold,0,0,0,35,408,0,0,0,0,0,0,0,0,0,1,2TM,wr
Daniel Carlson,0,0,0,0,0,0,0,0,0,0,0,27,24,23,0,LVR,k
Daniel Jones,62,298,2,1,16,0,232,361,2428,10,7,0,0,0,7,NYG,qb
Danny Amendola,0,0,0,17,135,1,0,1,0,0,0,0,0,0,1,HOU,wr
Danny Pinter,0,0,0,1,2,1,0,0,0,0,0,0,0,0,0,IND,NA
Dante Pettis,0,0,0,10,87,1,1,1,16,0,0,0,0,0,1,NYG,wr
Dare Ogunbowale,5,13,0,3,32,0,0,0,0,0,0,0,0,0,0,JAX,NA
Darius Slayton,1,-13,0,19,267,1,0,0,0,0,0,0,0,0,1,NYG,wr
Darnell Mooney,3,27,1,46,694,3,0,0,0,0,0,0,0,0,0,CHI,wr
Darrel Williams,100,358,4,32,282,1,0,0,0,0,0,0,0,0,0,KAN,rb
Darrell Daniels,0,0,0,1,0,0,0,0,0,0,0,0,0,0,0,ARI,te
Darrell Henderson,142,648,5,27,172,3,0,0,0,0,0,0,0,0,0,LAR,rb
Darren Fells,0,0,0,4,43,0,0,0,0,0,0,0,0,0,0,2TM,NA
Darren Waller,0,0,0,53,643,2,0,0,0,0,0,0,0,0,0,LVR,te
Darrynton Evans,2,7,0,2,11,0,0,0,0,0,0,0,0,0,0,TEN,NA
Davante Adams,0,0,0,80,1083,5,0,0,0,0,0,0,0,0,0,GNB,wr
David Blough,1,6,0,0,0,0,0,0,0,0,0,0,0,0,1,DET,NA
David Johnson,56,176,0,28,214,1,0,0,0,0,0,0,0,0,1,HOU,rb
David Montgomery,113,476,3,12,103,0,0,0,0,0,0,0,0,0,0,CHI,rb
David Njoku,1,1,0,27,407,3,0,0,0,0,0,0,0,0,0,CLE,te
Davis Mills,7,8,0,0,0,0,140,209,1357,7,8,0,0,0,4,HOU,qb
Davis Webb,2,-3,0,0,0,0,0,0,0,0,0,0,0,0,0,BUF,NA
Dawson Knox,0,0,0,31,415,7,0,0,0,0,0,0,0,0,0,BUF,te
Dax Milne,0,0,0,7,71,0,0,0,0,0,0,0,0,0,1,WAS,wr
DeAndre Carter,6,45,0,18,261,3,0,0,0,0,0,0,0,0,3,WAS,wr
DeAndre Hopkins,0,0,0,35,486,7,0,0,0,0,0,0,0,0,0,ARI,wr
Dede Westbrook,0,0,0,8,66,0,0,0,0,0,0,0,0,0,2,MIN,NA
Deebo Samuel,25,203,5,56,1006,5,0,0,0,0,0,0,0,0,2,SFO,wr
DeeJay Dallas,17,64,1,14,99,0,0,0,0,0,0,0,0,0,1,SEA,rb
Demarcus Robinson,0,0,0,16,176,2,0,0,0,0,0,0,0,0,0,KAN,wr
Demetric Felton,6,18,0,13,147,1,0,0,0,0,0,0,0,0,2,CLE,wr
Denzel Mims,0,0,0,7,129,0,0,0,0,0,0,0,0,0,0,NYJ,wr
Deon Jackson,6,12,0,0,0,0,0,0,0,0,0,0,0,0,0,IND,NA
Deon Yelder,0,0,0,1,0,0,0,0,0,0,0,0,0,0,0,TAM,NA
Deonte Harris,3,29,0,27,427,2,0,0,0,0,0,0,0,0,2,NOR,wr
Derek Carr,27,73,0,0,0,0,278,413,3414,17,9,0,0,0,8,LVR,qb
Derek Carrier,0,0,0,2,13,0,0,0,0,0,0,0,0,0,0,LVR,te
Derek Watt,0,0,0,3,15,0,0,0,0,0,0,0,0,0,0,PIT,fb
Derrick Gore,20,80,1,2,13,0,0,0,0,0,0,0,0,0,0,KAN,rb
Derrick Henry,219,937,10,18,154,0,1,1,5,1,0,0,0,0,1,TEN,rb
DeSean Jackson,1,4,0,12,361,2,0,0,0,0,0,0,0,0,1,2TM,wr
DeVante Parker,0,0,0,25,327,1,0,0,0,0,0,0,0,0,0,MIA,wr
Devin Duvernay,4,41,0,24,205,2,0,0,0,0,0,0,0,0,1,BAL,wr
Devin Singletary,98,459,2,26,118,0,0,0,0,0,0,0,0,0,5,BUF,rb
Devine Ozigbo,1,-3,0,1,7,0,0,0,0,0,0,0,0,0,0,2TM,NA
Devonta Freeman,75,324,3,18,125,1,0,0,0,0,0,0,0,0,0,BAL,rb
DeVonta Smith,0,0,0,48,686,4,0,0,0,0,0,0,0,0,1,PHI,wr
Devontae Booker,91,340,2,22,183,1,0,0,0,0,0,0,0,0,0,NYG,rb
Dez Fitzpatrick,0,0,0,5,49,1,0,0,0,0,0,0,0,0,0,TEN,NA
Dezmon Patmon,0,0,0,1,7,0,0,0,0,0,0,0,0,0,0,IND,NA
Diontae Johnson,3,36,0,68,809,4,0,0,0,0,0,0,0,0,1,PIT,wr
Diontae Spencer,0,0,0,1,-3,0,0,0,0,0,0,0,0,0,0,DEN,NA
Dominique Dafney,0,0,0,1,8,0,0,0,0,0,0,0,0,0,0,GNB,te
Donald Parham Jr.,0,0,0,16,174,3,0,0,0,0,0,0,0,0,0,LAC,te
Donovan Peoples-Jones,0,0,0,18,340,3,0,0,0,0,0,0,0,0,1,CLE,wr
Dontrell Hilliard,19,166,1,9,49,0,0,0,0,0,0,0,0,0,2,TEN,rb
Drew Lock,0,0,0,0,0,0,16,28,139,0,2,0,0,0,0,DEN,qb
Drew Sample,0,0,0,6,48,0,0,0,0,0,0,0,0,0,0,CIN,te
Duke Johnson,4,18,0,0,0,0,0,0,0,0,0,0,0,0,0,MIA,NA
Durham Smythe,2,3,0,25,253,0,0,0,0,0,0,0,0,0,0,MIA,te
Dwayne Washington,4,16,0,2,12,0,0,0,0,0,0,0,0,0,0,NOR,NA
Dyami Brown,1,-4,0,8,81,0,0,0,0,0,0,0,0,0,0,WAS,wr
Elijah Mitchell,143,693,4,14,108,0,0,0,0,0,0,0,0,0,0,SFO,rb
Elijah Moore,4,45,1,37,461,4,0,0,0,0,0,0,0,0,0,NYJ,wr
Elijhaa Penny,22,89,1,4,9,0,0,0,0,0,0,0,0,0,0,NYG,rb
Emmanuel Sanders,2,31,0,36,559,4,0,0,0,0,0,0,0,0,0,BUF,wr
Eno Benjamin,23,83,1,1,5,0,0,0,0,0,0,0,0,0,0,ARI,rb
Equanimeous St. Brown,2,24,0,6,62,0,0,0,0,0,0,0,0,0,0,GNB,wr
Eric Ebron,1,1,1,12,84,1,0,0,0,0,0,0,0,0,0,PIT,te
Eric Saubert,0,0,0,8,47,1,0,0,0,0,0,0,0,0,0,DEN,te
Eric Tomlinson,0,0,0,1,7,0,0,0,0,0,0,0,0,0,0,BAL,te
Evan Engram,1,-3,0,31,273,2,0,0,0,0,0,0,0,0,1,NYG,te
Evan McPherson,0,0,0,0,0,0,0,0,0,0,0,20,17,34,0,CIN,k
Ezekiel Elliott,160,720,8,38,228,1,1,1,4,0,0,0,0,0,1,DAL,rb
Feleipe Franks,3,6,0,0,0,0,0,1,0,0,1,0,0,0,0,ATL,NA
Foster Moreau,0,0,0,12,135,3,0,0,0,0,0,0,0,0,0,LVR,te
Frank Darby,0,0,0,1,14,0,0,0,0,0,0,0,0,0,0,ATL,NA
Freddie Swain,4,29,0,17,201,3,0,0,0,0,0,0,0,0,1,SEA,wr
Gabe Nabers,1,2,0,3,17,0,0,0,0,0,0,0,0,0,0,LAC,fb
Gabriel Davis,0,0,0,17,312,2,0,0,0,0,0,0,0,0,0,BUF,wr
Gardner Minshew II,0,0,0,0,0,0,2,2,11,0,0,0,0,0,0,PHI,NA
Garrett Griffin,0,0,0,3,30,0,0,0,0,0,0,0,0,0,0,NOR,te
Gary Brightwell,1,4,0,1,6,0,0,0,0,0,0,0,0,0,0,NYG,NA
Geno Smith,9,42,1,0,0,0,65,95,702,5,1,0,0,0,1,SEA,qb
Geoff Swaim,0,0,0,20,139,2,0,0,0,0,0,0,0,0,0,TEN,te
George Kittle,1,9,0,35,425,3,0,0,0,0,0,0,0,0,2,SFO,te
Gerald Everett,2,7,0,30,272,2,0,0,0,0,0,0,0,0,0,SEA,te
Giovani Bernard,7,55,0,22,116,3,0,0,0,0,0,0,0,0,1,TAM,wr
Godwin Igwebuike,6,85,1,4,36,0,0,0,0,0,0,0,0,0,0,DET,NA
Graham Gano,0,0,0,0,0,0,0,0,0,0,0,25,22,14,0,NYG,k
Greg Joseph,0,0,0,0,0,0,0,0,0,0,0,25,21,24,0,MIN,k
Greg Ward,0,0,0,2,30,2,0,1,0,0,0,0,0,0,0,PHI,NA
Greg Zuerlein,0,0,0,0,0,0,0,0,0,0,0,24,19,22,0,DAL,k
Gunner Olszewski,0,0,0,1,22,0,0,0,0,0,0,0,0,0,1,NWE,NA
Harrison Bryant,0,0,0,16,211,0,0,0,0,0,0,0,0,0,0,CLE,te
Harrison Butker,0,0,0,0,0,0,0,0,0,0,0,18,15,32,0,KAN,k
Hayden Hurst,0,0,0,20,158,1,0,0,0,0,0,0,0,0,3,ATL,te
Henry Ruggs III,3,16,0,24,469,2,0,0,0,0,0,0,0,0,0,LVR,wr
Hunter Henry,0,0,0,35,394,7,0,0,0,0,0,0,0,0,0,NWE,te
Hunter Renfrow,2,7,0,64,658,4,0,0,0,0,0,0,0,0,2,LVR,wr
Ian Thomas,0,0,0,13,146,0,0,0,0,0,0,0,0,0,0,CAR,te
Ihmir Smith-Marsette,0,0,0,1,6,0,0,0,0,0,0,0,0,0,0,MIN,NA
Isaiah Ford,0,0,0,7,108,1,0,0,0,0,0,0,0,0,0,MIA,NA
Isaiah McKenzie,5,27,1,5,26,0,0,0,0,0,0,0,0,0,1,BUF,wr
J.D. McKissic,48,212,2,43,397,2,0,0,0,0,0,0,0,0,0,WAS,rb
J.J. Arcega-Whiteside,0,0,0,2,36,0,0,0,0,0,0,0,0,0,0,PHI,wr
J.J. Taylor,19,37,2,4,8,0,0,0,0,0,0,0,0,0,1,NWE,rb
Ja'Marcus Bradley,0,0,0,4,64,0,0,0,0,0,0,0,0,0,0,CLE,NA
Ja'Marr Chase,6,15,0,50,906,8,0,0,0,0,0,0,0,0,2,CIN,wr
Jack Doyle,0,0,0,26,278,3,0,0,0,0,0,0,0,0,0,IND,te
Jack Fox,0,0,0,0,0,0,1,1,17,0,0,0,0,0,0,DET,p
Jack Stoll,0,0,0,3,15,0,0,0,0,0,0,0,0,0,0,PHI,te
Jacob Eason,0,0,0,0,0,0,2,5,25,0,1,0,0,0,0,IND,NA
Jacob Hollister,0,0,0,4,21,1,0,0,0,0,0,0,0,0,0,JAX,te
Jacoby Brissett,18,68,1,0,0,0,141,225,1283,5,4,0,0,0,6,MIA,qb
Jacques Patrick,2,12,0,0,0,0,0,0,0,0,0,0,0,0,0,SFO,NA
Jaelon Darden,1,11,0,6,43,0,0,0,0,0,0,0,0,0,0,TAM,NA
Jake Elliott,0,0,0,0,0,0,0,0,0,0,0,20,18,30,0,PHI,k
Jake Funk,1,6,0,0,0,0,0,0,0,0,0,0,0,0,0,LAR,NA
Jakeem Grant Sr.,2,11,0,5,24,0,0,0,0,0,0,0,0,0,3,2TM,NA
Jakob Johnson,0,0,0,3,34,0,0,0,0,0,0,0,0,0,0,NWE,fb
Jakobi Meyers,0,0,0,59,620,1,2,2,45,0,0,0,0,0,0,NWE,wr
Jalen Guyton,5,34,0,14,199,0,0,0,0,0,0,0,0,0,1,LAC,wr
Jalen Hurts,122,695,8,0,0,0,211,351,2435,13,8,0,0,0,6,PHI,qb
Jalen Reagor,5,25,0,25,201,2,0,0,0,0,0,0,0,0,1,PHI,wr
Jalen Richard,5,8,0,8,45,0,0,0,0,0,0,0,0,0,0,LVR,NA
Jamaal Williams,93,388,2,21,117,0,0,0,0,0,0,0,0,0,0,DET,rb
Jamal Agnew,7,111,1,24,229,1,0,0,0,0,0,0,0,0,1,JAX,wr
Jameis Winston,32,166,1,0,0,0,95,161,1170,14,3,0,0,0,2,NOR,qb
James Conner,146,555,12,18,173,1,0,0,0,0,0,0,0,0,2,ARI,rb
James O'Shaughnessy,0,0,0,10,101,0,0,0,0,0,0,0,0,0,0,JAX,te
James Proche,0,0,0,8,118,0,0,0,0,0,0,0,0,0,0,BAL,NA
James Robinson,129,654,7,27,198,0,0,0,0,0,0,0,0,0,3,JAX,rb
James Washington,2,13,0,17,184,1,0,0,0,0,0,0,0,0,0,PIT,wr
James White,10,38,1,12,94,0,0,0,0,0,0,0,0,0,0,NWE,wr
Jamie Gillan,1,0,0,0,0,0,0,0,0,0,0,0,0,0,1,CLE,p
Jamison Crowder,0,0,0,38,310,2,0,0,0,0,0,0,0,0,1,NYJ,wr
JaMycal Hasty,13,48,1,13,91,0,0,0,0,0,0,0,0,0,0,SFO,rb
Jared Cook,0,0,0,33,371,3,0,0,0,0,0,0,0,0,0,LAC,te
Jared Goff,13,76,0,0,0,0,241,358,2280,10,6,0,0,0,8,DET,qb
Jaret Patterson,32,104,0,2,9,0,0,0,0,0,0,0,0,0,0,WAS,rb
Jarvis Landry,5,34,2,33,356,0,0,0,0,0,0,0,0,0,3,CLE,wr
Jason Cabinda,3,23,0,1,4,0,0,0,0,0,0,0,0,0,0,DET,fb
Jason Myers,0,0,0,0,0,0,0,0,0,0,0,13,9,24,0,SEA,k
Jason Sanders,0,0,0,0,0,0,0,0,0,0,0,20,15,23,0,MIA,k
Jauan Jennings,0,0,0,7,62,2,0,0,0,0,0,0,0,0,0,SFO,wr
Javonte Williams,117,568,2,27,193,1,0,0,0,0,0,0,0,0,1,DEN,rb
Jaylen Waddle,2,3,1,77,759,4,0,0,0,0,0,0,0,0,2,MIA,wr
Jeff Smith,1,-1,0,6,98,0,0,0,0,0,0,0,0,0,0,NYJ,NA
Jeff Wilson Jr.,31,83,0,2,10,0,0,0,0,0,0,0,0,0,1,SFO,rb
Jeremy McNichols,18,69,0,25,215,1,0,0,0,0,0,0,0,0,0,TEN,wr
Jerick McKinnon,7,38,0,10,81,0,0,0,0,0,0,0,0,0,0,KAN,wr
Jermar Jefferson,5,47,2,4,23,0,0,0,0,0,0,0,0,0,0,DET,NA
Jerry Jeudy,2,3,0,24,253,0,0,0,0,0,0,0,0,0,1,DEN,wr
Jesper Horsted,0,0,0,1,2,1,0,0,0,0,0,0,0,0,0,CHI,NA
Jesse James,0,0,0,6,58,1,0,0,0,0,0,0,0,0,0,CHI,te
Jimmy Garoppolo,30,40,3,0,0,0,187,280,2342,13,6,0,0,0,5,SFO,qb
Jimmy Graham,0,0,0,6,98,1,0,0,0,0,0,0,0,0,0,CHI,te
Joe Burrow,25,63,1,0,0,0,235,339,2835,22,12,0,0,0,3,CIN,qb
Joe Flacco,2,3,0,0,0,0,27,42,338,3,0,0,0,0,1,NYJ,qb
Joe Fortson,0,0,0,5,47,2,0,0,0,0,0,0,0,0,0,KAN,NA
Joe Mixon,208,924,11,26,192,2,0,0,0,0,0,0,0,0,1,CIN,rb
John Bates,0,0,0,9,74,0,0,0,0,0,0,0,0,0,0,WAS,te
John Kelly,2,13,0,0,0,0,0,0,0,0,0,0,0,0,0,CLE,NA
John Ross,1,16,0,10,217,1,0,0,0,0,0,0,0,0,1,NYG,wr
John Wolford,2,-1,0,0,0,0,1,4,5,0,1,0,0,0,0,LAR,NA
Johnny Hekker,1,0,0,0,0,0,1,1,2,0,0,0,0,0,1,LAR,p
Johnny Mundt,0,0,0,1,9,0,0,0,0,0,0,0,0,0,0,LAR,NA
Johnny Stanton,3,5,0,2,7,1,0,0,0,0,0,0,0,0,0,CLE,NA
Jonathan Taylor,209,1205,14,36,336,2,0,0,0,0,0,0,0,0,3,IND,rb
Jonathan Ward,5,21,0,0,0,0,0,0,0,0,0,0,0,0,0,ARI,NA
Jonnu Smith,5,29,0,25,259,1,0,0,0,0,0,0,0,0,1,NWE,te
Jordan Akins,1,3,0,21,184,0,0,0,0,0,0,0,0,0,2,HOU,te
Jordan Howard,51,274,3,0,0,0,0,0,0,0,0,0,0,0,0,PHI,rb
Jordan Love,9,19,0,0,0,0,24,41,258,1,1,0,0,0,2,GNB,qb
Josh Allen,69,383,3,0,0,0,274,410,3071,25,10,0,0,0,6,BUF,qb
Josh Gordon,0,0,0,2,18,0,0,0,0,0,0,0,0,0,0,KAN,wr
Josh Jacobs,111,420,6,30,198,0,0,0,0,0,0,0,0,0,0,LVR,rb
Josh Johnson,4,18,0,0,0,0,29,45,334,3,1,0,0,0,0,NYJ,qb
Josh Oliver,0,0,0,7,59,0,0,0,0,0,0,0,0,0,1,BAL,NA
Josh Palmer,1,6,0,15,168,1,0,0,0,0,0,0,0,0,0,LAC,wr
Josh Reynolds,0,0,0,13,160,1,0,0,0,0,0,0,0,0,0,2TM,wr
Josh Rosen,0,0,0,0,0,0,2,11,19,0,2,0,0,0,0,ATL,qb
Joshua Kelley,11,41,0,3,19,0,0,0,0,0,0,0,0,0,0,LAC,rb
Josiah Deguara,0,0,0,12,103,1,0,0,0,0,0,0,0,0,0,GNB,wr
JuJu Smith-Schuster,3,9,1,15,129,0,0,0,0,0,0,0,0,0,0,PIT,wr
Julio Jones,0,0,0,21,336,0,0,0,0,0,0,0,0,0,0,TEN,wr
Justin Fields,56,311,2,0,0,0,115,198,1361,4,8,0,0,0,9,CHI,qb
Justin Herbert,43,243,2,0,0,0,289,438,3230,24,10,0,0,0,1,LAC,qb
Justin Jackson,14,103,0,7,34,0,0,0,0,0,0,0,0,0,0,LAC,rb
Justin Jefferson,3,10,0,67,1027,6,2,3,35,0,0,0,0,0,1,MIN,wr
Justin Tucker,0,0,0,0,0,0,0,0,0,0,0,25,23,22,0,BAL,k
Juwan Johnson,0,0,0,9,108,3,0,0,0,0,0,0,0,0,0,NOR,te
Juwann Winfree,0,0,0,4,30,0,0,0,0,0,0,0,0,0,1,GNB,NA
K.J. Hill Jr.,0,0,0,3,30,0,0,0,0,0,0,0,0,0,0,LAC,NA
K.J. Osborn,1,10,0,31,365,2,0,0,0,0,0,0,0,0,0,MIN,wr
Ka'imi Fairbairn,0,0,0,0,0,0,0,0,0,0,0,12,9,6,0,HOU,k
Kadarius Toney,3,6,0,35,392,0,1,3,19,0,0,0,0,0,0,NYG,wr
Kaden Smith,0,0,0,3,33,0,0,0,0,0,0,0,0,0,0,NYG,te
Kalen Ballage,11,36,0,2,8,0,0,0,0,0,0,0,0,0,0,PIT,rb
Kalif Raymond,2,10,0,33,379,2,0,0,0,0,0,0,0,0,0,DET,wr
Kareem Hunt,76,381,5,20,161,0,0,0,0,0,0,0,0,0,0,CLE,rb
Ke'Shawn Vaughn,8,31,0,0,0,0,0,0,0,0,0,0,0,0,0,TAM,NA
Keelan Cole Sr.,0,0,0,19,299,0,0,0,0,0,0,0,0,0,0,NYJ,wr
Keenan Allen,0,0,0,81,895,2,0,0,0,0,0,0,0,0,1,LAC,wr
Keith Kirkwood,0,0,0,3,17,0,0,0,0,0,0,0,0,0,0,CAR,NA
Keith Smith,9,31,0,7,51,0,0,0,0,0,0,0,0,0,0,ATL,fb
Keke Coutee,0,0,0,1,5,0,0,0,0,0,0,0,0,0,0,IND,NA
Kendall Blanton,0,0,0,1,2,0,0,0,0,0,0,0,0,0,0,LAR,NA
Kendall Hinton,0,0,0,12,145,1,0,0,0,0,0,0,0,0,0,DEN,wr
Kendrick Bourne,6,78,0,42,623,5,1,1,25,1,0,0,0,0,1,NWE,wr
Kene Nwangwu,2,16,0,0,0,0,0,0,0,0,0,0,0,0,0,MIN,NA
Kenneth Gainwell,43,155,3,23,205,1,0,0,0,0,0,0,0,0,1,PHI,rb
Kenny Golladay,0,0,0,23,372,0,0,0,0,0,0,0,0,0,0,NYG,wr
Kenny Stills,1,1,0,5,64,1,0,0,0,0,0,0,0,0,0,NOR,wr
Kenyan Drake,62,254,2,29,283,1,0,0,0,0,0,0,0,0,1,LVR,rb
Kevin Rader,0,0,0,1,1,0,0,0,0,0,0,0,0,0,0,PIT,NA
Kevin White,0,0,0,1,38,0,0,0,0,0,0,0,0,0,0,NOR,wr
KhaDarel Hodge,0,0,0,6,51,0,0,0,0,0,0,0,0,0,0,DET,wr
Khalil Herbert,90,373,1,9,44,0,0,0,0,0,0,0,0,0,0,CHI,rb
Khari Blasingame,3,6,0,0,0,0,0,0,0,0,0,0,0,0,1,TEN,fb
Kirk Cousins,18,69,1,0,0,0,275,406,3013,23,3,0,0,0,6,MIN,qb
Kirk Merritt,0,0,0,1,13,0,0,0,0,0,0,0,0,0,0,MIA,NA
KJ Hamler,0,0,0,5,74,0,0,0,0,0,0,0,0,0,0,DEN,wr
Kyle Juszczyk,7,16,0,21,210,1,0,0,0,0,0,0,0,0,0,SFO,fb
Kyle Pitts,0,0,0,45,661,1,0,0,0,0,0,0,0,0,0,ATL,te
Kyle Rudolph,0,0,0,17,147,1,0,0,0,0,0,0,0,0,0,NYG,te
Kylen Granson,0,0,0,9,94,0,0,0,0,0,0,0,0,0,0,IND,NA
Kyler Murray,49,147,3,0,0,0,186,256,2276,17,7,0,0,0,7,ARI,qb
Kylin Hill,10,24,0,1,5,0,0,0,0,0,0,0,0,0,0,GNB,rb
La'Mical Perine,1,3,0,0,0,0,0,0,0,0,0,0,0,0,0,NYJ,NA
Lamar Jackson,123,707,2,0,0,0,219,341,2612,15,12,0,0,0,5,BAL,qb
Laquon Treadwell,0,0,0,6,82,0,0,0,0,0,0,0,0,0,0,JAX,wr
Larry Rountree III,36,87,1,1,-1,0,0,0,0,0,0,0,0,0,0,LAC,rb
Latavius Murray,77,258,4,6,26,0,0,0,0,0,0,0,0,0,0,BAL,rb
Laviska Shenault Jr.,7,30,0,45,441,0,0,0,0,0,0,0,0,0,1,JAX,wr
Le'Veon Bell,31,83,2,1,-1,0,0,0,0,0,0,0,0,0,0,BAL,rb
Lee Smith,0,0,0,8,53,1,0,0,0,0,0,0,0,0,0,ATL,te
Leonard Fournette,139,621,7,51,354,1,0,1,0,0,0,0,0,0,1,TAM,rb
Lil'Jordan Humphrey,0,0,0,5,78,1,0,0,0,0,0,0,0,0,0,NOR,wr
Logan Thomas,0,0,0,15,148,2,0,0,0,0,0,0,0,0,1,WAS,te
Logan Woodside,3,-3,0,0,0,0,0,0,0,0,0,0,0,0,0,TEN,NA
Luke Farrell,0,0,0,6,49,0,0,0,0,0,0,0,0,0,1,JAX,te
Luke Stocker,0,0,0,2,12,0,0,0,0,0,0,0,0,0,0,MIN,NA
Mac Jones,27,71,0,0,0,0,268,381,2850,16,8,0,0,0,4,NWE,qb
Mack Hollins,0,0,0,12,178,3,0,0,0,0,0,0,0,0,0,MIA,wr
Malcolm Brown,33,125,1,3,10,0,0,0,0,0,0,0,0,0,0,MIA,rb
Malik Taylor,0,0,0,2,14,0,0,0,0,0,0,0,0,0,1,GNB,NA
Malik Turner,0,0,0,7,51,2,0,0,0,0,0,0,0,0,0,DAL,NA
Marcedes Lewis,0,0,0,14,121,0,0,0,0,0,0,0,0,0,1,GNB,te
Marcus Johnson,2,-2,0,9,160,0,0,0,0,0,0,0,0,0,0,TEN,wr
Marcus Kemp,0,0,0,2,24,0,0,0,0,0,0,0,0,0,0,KAN,NA
Marcus Mariota,5,45,1,0,0,0,0,0,0,0,0,0,0,0,0,LVR,NA
Mark Andrews,0,0,0,60,761,5,0,0,0,0,0,0,0,0,1,BAL,te
Mark Ingram II,137,499,2,24,156,0,0,0,0,0,0,0,0,0,1,2TM,rb
Marlon Mack,28,101,0,2,8,0,0,0,0,0,0,0,0,0,0,IND,rb
Marquez Callaway,0,0,0,27,396,6,0,0,0,0,0,0,0,0,0,NOR,wr
Marquez Valdes-Scantling,0,0,0,17,309,2,0,0,0,0,0,0,0,0,0,GNB,wr
Marquise Brown,1,5,0,60,770,6,0,0,0,0,0,0,0,0,2,BAL,wr
Marquise Goodwin,2,-1,0,16,277,1,0,0,0,0,0,0,0,0,0,CHI,wr
Marvin Jones Jr.,0,0,0,46,529,3,0,0,0,0,0,0,0,0,0,JAX,wr
Mason Crosby,0,0,0,0,0,0,0,0,0,0,0,27,18,31,0,GNB,k
Mason Rudolph,4,36,0,0,0,0,30,50,242,1,1,0,0,0,1,PIT,qb
Matt Ammendola,0,0,0,0,0,0,0,0,0,0,0,19,13,14,0,NYJ,k
Matt Breida,21,109,1,6,67,2,0,0,0,0,0,0,0,0,1,BUF,rb
Matt Gay,0,0,0,0,0,0,0,0,0,0,0,21,20,31,0,LAR,k
Matt Prater,0,0,0,0,0,0,0,0,0,0,0,20,15,37,0,ARI,k
Matt Ryan,21,43,1,0,0,0,256,379,2617,16,11,0,0,0,5,ATL,qb
Matthew Stafford,24,37,0,0,0,0,266,400,3316,27,9,0,0,0,2,LAR,qb
Matthew Wright,0,0,0,0,0,0,0,0,0,0,0,13,10,8,0,JAX,k
Matthias Farley,0,0,0,0,0,0,1,1,6,0,0,0,0,0,0,TEN,NA
Maxx Williams,0,0,0,16,193,1,0,0,0,0,0,0,0,0,0,ARI,te
Mecole Hardman,5,36,0,42,424,1,0,0,0,0,0,0,0,0,3,KAN,wr
Mekhi Sargent,2,4,0,0,0,0,0,0,0,0,0,0,0,0,0,TEN,NA
Melvin Gordon III,135,605,5,22,166,2,0,0,0,0,0,0,0,0,2,DEN,rb
Michael Burton,3,9,0,1,11,0,0,0,0,0,0,0,0,0,0,KAN,NA
Michael Carter,111,430,4,32,308,0,0,0,0,0,0,0,0,0,1,NYJ,rb
Michael Gallup,0,0,0,17,228,0,0,0,0,0,0,0,0,0,0,DAL,wr
Michael Pittman Jr.,2,8,0,61,805,5,0,0,0,0,0,0,0,0,1,IND,wr
Mike Boone,0,0,0,1,3,0,0,0,0,0,0,0,0,0,0,DEN,NA
Mike Davis,96,306,1,30,160,1,0,0,0,0,0,0,0,0,2,ATL,rb
Mike Evans,1,10,0,50,695,10,0,0,0,0,0,0,0,0,0,TAM,wr
Mike Gesicki,0,0,0,52,596,2,0,0,0,0,0,0,0,0,0,MIA,te
Mike Glennon,2,2,0,0,0,0,16,25,196,1,2,0,0,0,1,NYG,qb
Mike Remmers,0,0,0,1,-2,0,0,0,0,0,0,0,0,0,0,KAN,t
Mike Strachan,0,0,0,2,26,0,0,0,0,0,0,0,0,0,0,IND,NA
Mike Thomas,0,0,0,5,52,0,0,0,0,0,0,0,0,0,0,CIN,wr
Mike White,5,-1,0,0,0,0,88,132,953,5,8,0,0,0,0,NYJ,qb
Mike Williams,0,0,0,50,744,7,0,0,0,0,0,0,0,0,0,LAC,wr
Miles Boykin,0,0,0,1,6,0,0,0,0,0,0,0,0,0,0,BAL,NA
Miles Sanders,88,458,0,20,118,0,0,0,0,0,0,0,0,0,1,PHI,rb
Mitchell Trubisky,10,27,1,0,0,0,5,7,28,0,1,0,0,0,0,BUF,rb
Mo Alie-Cox,0,0,0,16,219,4,0,0,0,0,0,0,0,0,0,IND,te
Mohamed Sanu,0,0,0,15,177,0,0,0,0,0,0,0,0,0,0,SFO,wr
MyCole Pruitt,0,0,0,12,139,3,0,0,0,0,0,0,0,0,0,TEN,te
Myles Gaskin,139,482,3,43,212,4,0,0,0,0,0,0,0,0,2,MIA,rb
N'Keal Harry,0,0,0,8,117,0,0,0,0,0,0,0,0,0,0,NWE,wr
Najee Harris,196,708,5,52,351,2,0,0,0,0,0,0,0,0,0,PIT,rb
Nathan Peterman,2,2,0,0,0,0,0,0,0,0,0,0,0,0,0,LVR,NA
Nelson Agholor,2,5,0,32,416,3,0,0,0,0,0,0,0,0,0,NWE,wr
Nick Bawden,0,0,0,1,20,0,0,0,0,0,0,0,0,0,0,NYJ,NA
Nick Chubb,150,867,6,12,106,1,0,0,0,0,0,0,0,0,2,CLE,rb
Nick Folk,0,0,0,0,0,0,0,0,0,0,0,34,31,29,0,NWE,k
Nick Vannett,0,0,0,2,31,1,0,0,0,0,0,0,0,0,0,NOR,NA
Nick Westbrook-Ikhine,0,0,0,25,297,3,0,0,0,0,0,0,0,0,1,TEN,wr
Nico Collins,0,0,0,18,228,0,0,0,0,0,0,0,0,0,0,HOU,wr
Noah Brown,0,0,0,14,170,0,0,0,0,0,0,0,0,0,0,DAL,wr
Noah Fant,0,0,0,45,391,3,0,0,0,0,0,0,0,0,0,DEN,te
Noah Gray,0,0,0,4,18,1,0,0,0,0,0,0,0,0,0,KAN,NA
Nyheim Hines,48,237,2,29,230,0,0,0,0,0,0,0,0,0,2,IND,rb
O.J. Howard,0,0,0,14,135,1,0,0,0,0,0,0,0,0,0,TAM,te
Odell Beckham Jr.,2,14,0,24,331,1,0,0,0,0,0,0,0,0,0,2TM,wr
Olamide Zaccheaus,0,0,0,19,222,3,0,0,0,0,0,0,0,0,0,ATL,wr
P.J. Walker,5,18,0,0,0,0,30,54,287,0,2,0,0,0,2,CAR,qb
Parker Hesse,0,0,0,2,12,0,0,0,0,0,0,0,0,0,0,ATL,NA
Parris Campbell,0,0,0,10,162,1,0,0,0,0,0,0,0,0,0,IND,wr
Pat Freiermuth,0,0,0,40,327,6,0,0,0,0,0,0,0,0,1,PIT,te
Patrick Laird,1,4,0,3,17,0,0,0,0,0,0,0,0,0,0,MIA,NA
Patrick Mahomes II,44,238,1,0,0,0,294,449,3200,25,11,0,0,0,6,KAN,qb
Patrick Ricard,2,4,0,7,54,1,0,0,0,0,0,0,0,0,0,BAL,fb
Patrick Taylor,6,18,0,0,0,0,0,0,0,0,0,0,0,0,0,GNB,NA
Penny Hart,0,0,0,4,38,0,0,0,0,0,0,0,0,0,0,SEA,NA
Peyton Barber,38,146,1,3,31,0,0,0,0,0,0,0,0,0,1,LVR,rb
Pharaoh Brown,0,0,0,14,124,0,0,0,0,0,0,0,0,0,0,HOU,te
Pharoh Cooper,1,3,0,1,6,0,0,0,0,0,0,0,0,0,0,NYG,NA
Phillip Dorsett II,0,0,0,1,3,0,0,0,0,0,0,0,0,0,0,2TM,NA
Phillip Lindsay,62,172,1,3,37,1,0,0,0,0,0,0,0,0,0,2TM,rb
Preston Williams,1,7,0,6,71,0,0,0,0,0,0,0,0,0,0,MIA,wr
Qadree Ollison,9,34,0,2,0,0,0,0,0,0,0,0,0,0,0,ATL,NA
Quez Watkins,1,3,0,28,431,0,0,0,0,0,0,0,0,0,0,PHI,wr
Quintez Cephus,0,0,0,15,204,2,0,0,0,0,0,0,0,0,0,DET,wr
Raheem Mostert,2,20,0,0,0,0,0,0,0,0,0,0,0,0,0,SFO,rb
Randall Cobb,1,1,0,28,375,5,0,0,0,0,0,0,0,0,1,GNB,wr
Randy Bullock,0,0,0,0,0,0,0,0,0,0,0,21,18,29,0,TEN,k
Rashaad Penny,17,43,0,0,0,0,0,0,0,0,0,0,0,0,0,SEA,rb
Rashard Higgins,0,0,0,15,185,1,0,0,0,0,0,0,0,0,0,CLE,wr
Rashod Bateman,0,0,0,25,301,0,0,0,0,0,0,0,0,0,0,BAL,wr
Ray-Ray McCloud,2,15,0,19,141,0,0,0,0,0,0,0,0,0,3,PIT,wr
Reggie Gilliam,3,3,0,2,15,0,0,0,0,0,0,0,0,0,0,BUF,fb
Rex Burkhead,37,96,1,8,65,0,0,1,0,0,0,0,0,0,0,HOU,rb
Rhamondre Stevenson,76,351,3,12,117,0,0,0,0,0,0,0,0,0,1,NWE,rb
Ricky Seals-Jones,0,0,0,23,230,2,0,0,0,0,0,0,0,0,0,WAS,te
Riley Patterson,0,0,0,0,0,0,0,0,0,0,0,0,0,2,0,DET,k
Rob Gronkowski,0,0,0,29,378,4,0,0,0,0,0,0,0,0,0,TAM,te
Robbie Gould,0,0,0,0,0,0,0,0,0,0,0,12,10,24,0,SFO,k
Robby Anderson,1,3,0,29,288,3,0,0,0,0,0,0,0,0,0,CAR,wr
Robert Tonyan,0,0,0,18,204,2,0,0,0,0,0,0,0,0,0,GNB,te
Robert Woods,8,46,1,45,556,4,0,0,0,0,0,0,0,0,0,LAR,wr
Rodney Smith,0,0,0,5,48,0,0,0,0,0,0,0,0,0,0,CAR,NA
Rodrigo Blankenship,0,0,0,0,0,0,0,0,0,0,0,14,11,7,0,IND,k
Ronald Jones II,59,264,3,4,39,0,0,0,0,0,0,0,0,0,2,TAM,rb
Rondale Moore,12,62,0,47,413,1,0,0,0,0,0,0,0,0,3,ARI,wr
Ross Dwelley,0,0,0,4,51,1,0,0,0,0,0,0,0,0,0,SFO,te
Royce Freeman,21,77,0,3,15,0,0,0,0,0,0,0,0,0,0,2TM,rb
Russell Gage,0,0,0,27,270,2,0,0,0,0,0,0,0,0,0,ATL,wr
Russell Wilson,26,118,1,0,0,0,144,222,1811,12,3,0,0,0,3,SEA,qb
Ryan Fitzpatrick,1,2,0,0,0,0,3,6,13,0,0,0,0,0,1,WAS,qb
Ryan Griffin,0,0,0,21,179,1,0,0,0,0,0,0,0,0,1,NYJ,te
Ryan Nall,1,4,0,1,4,0,0,0,0,0,0,0,0,0,0,CHI,NA
Ryan Succop,0,0,0,0,0,0,0,0,0,0,0,17,14,41,0,TAM,k
Ryan Tannehill,37,196,5,0,0,0,256,389,2774,14,13,0,0,0,7,TEN,qb
Salvon Ahmed,46,126,0,12,117,0,0,0,0,0,0,0,0,0,0,MIA,rb
Sam Darnold,37,185,5,0,0,0,182,306,1986,7,11,0,0,0,6,CAR,qb
Sam Ehlinger,2,10,0,0,0,0,0,0,0,0,0,0,0,0,0,IND,NA
Samaje Perine,41,165,1,16,140,1,0,0,0,0,0,0,0,0,0,CIN,rb
Sammy Watkins,0,0,0,23,355,0,0,0,0,0,0,0,0,0,1,BAL,wr
Saquon Barkley,73,260,2,24,174,1,0,0,0,0,0,0,0,0,1,NYG,rb
Scottie Phillips,6,13,0,2,9,0,0,0,0,0,0,0,0,0,0,HOU,NA
Scotty Miller,0,0,0,2,11,0,0,0,0,0,0,0,0,0,0,TAM,NA
Sean Chandler,1,14,0,0,0,0,0,0,0,0,0,0,0,0,0,CAR,saf
Sean McKeon,0,0,0,4,27,1,0,0,0,0,0,0,0,0,0,DAL,te
Shi Smith,1,-3,0,3,18,0,0,0,0,0,0,0,0,0,0,CAR,NA
Sony Michel,79,305,1,11,62,1,0,0,0,0,0,0,0,0,2,LAR,rb
Stanley Morgan Jr.,0,0,0,1,3,0,0,0,0,0,0,0,0,0,0,CIN,NA
Stefon Diggs,0,0,0,67,847,7,0,0,0,0,0,0,0,0,1,BUF,wr
Stephen Anderson,0,0,0,11,100,1,0,0,0,0,0,0,0,0,0,LAC,te
Sterling Shepard,1,-9,0,32,324,1,0,0,0,0,0,0,0,0,0,NYG,wr
T.J. Hockenson,0,0,0,57,534,3,0,0,0,0,0,0,0,0,0,DET,te
T.Y. Hilton,0,0,0,13,155,1,0,0,0,0,0,0,0,0,0,IND,wr
Tajae Sharpe,0,0,0,21,213,0,0,0,0,0,0,0,0,0,0,ATL,wr
Tavon Austin,0,0,0,10,106,1,0,0,0,0,0,0,0,0,1,JAX,wr
Taylor Heinicke,49,279,1,1,-2,0,244,363,2613,16,10,0,0,0,5,WAS,qb
Taysom Hill,20,104,3,4,52,0,7,8,56,0,1,0,0,0,0,NOR,qb
Teddy Bridgewater,23,79,2,0,0,0,233,339,2518,15,5,0,0,0,1,DEN,qb
Tee Higgins,0,0,0,43,560,3,0,0,0,0,0,0,0,0,1,CIN,wr
Terrace Marshall Jr.,0,0,0,14,116,0,0,0,0,0,0,0,0,0,0,CAR,wr
Terry McLaurin,1,12,0,58,786,5,0,0,0,0,0,0,0,0,0,WAS,wr
Tevin Coleman,46,185,0,7,26,0,0,0,0,0,0,0,0,0,0,NYJ,rb
Tim Boyle,0,0,0,0,0,0,15,23,77,0,2,0,0,0,0,DET,qb
Tim Patrick,0,0,0,39,549,4,0,0,0,0,0,0,0,0,0,DEN,wr
Tom Brady,18,53,1,0,0,0,309,457,3403,30,9,0,0,0,3,TAM,qb
Tom Kennedy,0,0,0,1,15,0,0,0,0,0,0,0,0,0,0,DET,NA
Tommy Hudson,0,0,0,3,31,0,0,0,0,0,0,0,0,0,0,TEN,NA
Tommy Sweeney,0,0,0,9,44,1,0,0,0,0,0,0,0,0,1,BUF,te
Tommy Townsend,0,0,0,0,0,0,1,1,16,0,0,0,0,0,0,KAN,p
Tommy Tremble,2,7,1,13,120,1,0,0,0,0,0,0,0,0,0,CAR,te
Tony Jones Jr.,38,106,0,4,10,0,0,0,0,0,0,0,0,0,0,NOR,rb
Tony Pollard,100,531,1,29,256,0,0,0,0,0,0,0,0,0,1,DAL,rb
Travis Homer,11,66,0,11,128,0,0,0,0,0,0,0,0,0,0,SEA,rb
Travis Kelce,1,4,1,67,821,5,0,0,0,0,0,0,0,0,1,KAN,te
Trayveon Williams,6,13,0,0,0,0,0,0,0,0,0,0,0,0,0,CIN,NA
Tre' McKitty,0,0,0,1,7,0,0,0,0,0,0,0,0,0,0,LAC,te
Tre'Quan Smith,0,0,0,20,236,2,0,0,0,0,0,0,0,0,0,NOR,wr
Trent Sherfield,0,0,0,5,46,1,0,0,0,0,0,0,0,0,0,SFO,NA
Trenton Cannon,3,4,0,0,0,0,0,0,0,0,0,0,0,0,1,2TM,NA
Trenton Irwin,0,0,0,1,25,0,0,0,0,0,0,0,0,0,0,CIN,NA
Trevon Wesco,0,0,0,2,16,0,0,0,0,0,0,0,0,0,0,NYJ,te
Trevor Lawrence,45,231,2,0,0,0,231,398,2369,9,10,0,0,0,6,JAX,qb
Trevor Siemian,7,21,1,0,0,0,99,173,1083,9,3,0,0,0,2,NOR,qb
Trey Lance,30,137,1,0,0,0,25,48,354,3,1,0,0,0,0,SFO,qb
Trey Sermon,41,167,1,3,26,0,0,0,0,0,0,0,0,0,0,SFO,rb
Trinity Benson,0,0,0,8,72,0,0,0,0,0,0,0,0,0,0,DET,wr
Tua Tagovailoa,25,68,3,0,0,0,165,234,1701,10,6,0,0,0,4,MIA,qb
Ty Johnson,48,186,1,25,271,2,0,0,0,0,0,0,0,0,2,NYJ,rb
Ty Long,0,0,0,0,0,0,0,1,0,0,0,0,0,0,0,LAC,p
Ty Montgomery,10,27,0,11,85,0,0,0,0,0,0,0,0,0,0,NOR,wr
Ty'Son Williams,34,181,1,9,84,0,0,0,0,0,0,0,0,0,1,BAL,rb
Tyler Bass,0,0,0,0,0,0,0,0,0,0,0,23,20,34,0,BUF,k
Tyler Boyd,1,14,0,46,471,2,1,1,46,0,0,0,0,0,0,CIN,wr
Tyler Conklin,0,0,0,40,413,3,0,0,0,0,0,0,0,0,1,MIN,te
Tyler Davis,0,0,0,1,4,0,0,0,0,0,0,0,0,0,0,GNB,NA
Tyler Higbee,0,0,0,39,347,3,0,0,0,0,0,0,0,0,1,LAR,te
Tyler Huntley,10,50,0,0,0,0,31,47,258,0,1,0,0,0,1,BAL,qb
Tyler Johnson,0,0,0,19,225,0,0,0,0,0,0,0,0,0,0,TAM,wr
Tyler Kroft,0,0,0,10,104,1,0,0,0,0,0,0,0,0,0,NYJ,te
Tyler Lockett,0,0,0,50,813,3,0,0,0,0,0,0,0,0,0,SEA,wr
Tyreek Hill,8,94,0,84,932,8,0,0,0,0,0,0,0,0,2,KAN,wr
Tyrell Williams,0,0,0,2,14,0,0,0,0,0,0,0,0,0,0,DET,NA
Tyrod Taylor,16,136,3,0,0,0,86,137,921,5,4,0,0,0,3,HOU,qb
Tyron Johnson,0,0,0,2,16,0,0,0,0,0,0,0,0,0,0,JAX,NA
Van Jefferson,0,0,0,33,580,4,0,0,0,0,0,0,0,0,0,LAR,wr
Wayne Gallman Jr.,28,104,0,1,21,0,0,0,0,0,0,0,0,0,0,ATL,rb
Will Dissly,0,0,0,15,175,1,0,0,0,0,0,0,0,0,1,SEA,te
Will Fuller V,0,0,0,4,26,0,0,0,0,0,0,0,0,0,0,MIA,NA
Willie Snead IV,0,0,0,4,38,0,0,0,0,0,0,0,0,0,0,2TM,NA
Younghoe Koo,0,0,0,0,0,0,0,0,0,0,0,17,15,20,0,ATL,k
Zach Ertz,1,4,0,40,458,5,0,0,0,0,0,0,0,0,0,2TM,wr
Zach Gentry,0,0,0,7,70,0,0,0,0,0,0,0,0,0,0,PIT,te
Zach Pascal,1,9,0,34,340,3,0,0,0,0,0,0,0,0,1,IND,wr
Zach Wilson,10,25,1,0,0,0,118,205,1313,4,10,0,0,0,3,NYJ,qb
Zack Moss,75,265,4,18,166,1,0,0,0,0,0,0,0,0,2,BUF,rb
Zane Gonzalez,0,0,0,0,0,0,0,0,0,0,0,22,20,19,0,CAR,k
Zay Jones,1,4,0,14,236,1,0,0,0,0,0,0,0,0,0,LVR,wr
